Pais,Ano,ENTR,TUTT,EMPE,Flag_TUTT_Zero_Suspeito,Flag_TUTT_Ausente_Ou_Imputado,Flag_Outlier_Prod,PROD,TAMANHO_MEDIO
AUT,2010,-0.4233931883925983,-0.3264868628596717,-0.438058706499862,0,0,0,-0.3204378651705679,-0.6314656328931091
AUT,2011,-0.4126221974177511,-0.32274024568093945,-0.41598356552966304,0,0,0,-0.3188045207274629,-0.5172478900533382
AUT,2012,-0.4035608875500224,-0.32104780662189675,-0.401057254233533,0,0,0,-0.31858222740365016,-0.4527812120978342
AUT,2013,-0.39449957768229377,-0.3189228035394107,-0.38995848754110685,0,0,0,-0.31770924763789904,-0.4186507701410061
AUT,2014,-0.38387106013303973,-0.3167447535510957,-0.3723395431226038,0,0,0,-0.31739527874754114,-0.3485144485629921
AUT,2015,-0.37956836268012456,-0.31633561093110263,-0.3684953086441745,0,0,0,-0.3173828597270115,-0.34382077304884345
AUT,2016,-0.379055458347989,-0.31405231377087905,-0.3490349147142965,0,0,0,-0.31717008749301023,-0.21245856299854549
AUT,2017,-0.35386615670310806,-0.31169198410450505,-0.32729913453018167,0,0,0,-0.31709050774069186,-0.1994592970741288
AUT,2018,-0.3513871190977861,-0.3084998243399244,-0.31706267803190397,0,0,0,-0.31567844834837006,-0.14603962868377524
AUT,2019,-0.3190456514881257,-0.3035015112580132,-0.3067872784926001,0,0,0,-0.31318631739416253,-0.2410457069853502
AUT,2020,-0.300951526437787,-0.3037317614478301,-0.29221145456570463,0,0,0,-0.3144133070242588,-0.23766119609163666
AUT,2021,-0.13864580000199342,-0.3007594125087354,-0.2599109836803782,0,0,0,-0.3148364377336764,-0.6430946132572133
AUT,2022,-0.12813126119321394,-0.29698099363969244,-0.2309095446991163,0,0,0,-0.3145724631170292,-0.5475351610801138
BEL,2010,-0.2651906966138894,-0.31117053978505754,-0.3934021650261253,0,0,0,-0.31086712668128774,-0.9322180373062312
BEL,2011,-0.21244703445928018,-0.31053594368198084,-0.4058695014460386,0,0,0,-0.30887063854636276,-1.1297791891863298
BEL,2012,-0.19267172298694157,-0.3082918664709302,-0.3852797593264049,0,0,0,-0.30937219704958546,-1.075245338278176
BEL,2013,-0.127247925954536,-0.3082515164058021,-0.382002980588641,0,0,0,-0.3097024431023426,-1.1946864987318861
BEL,2014,-0.13679364546928158,-0.3056188952716396,-0.37972203104282914,0,0,0,-0.3078312986227493,-1.1668074633180139
BEL,2015,-0.11459628576185826,-0.3050308598770277,-0.379054436053811,0,0,0,-0.307435751151285,-1.2054206868996158
BEL,2016,-0.07045801851307941,-0.3017120065705802,-0.3608012763957407,0,0,0,-0.30692498364037674,-1.2086070308915118
BEL,2017,-0.010932621300233059,-0.29692814306610804,-0.34032280010761007,0,0,0,-0.3056673808027635,-1.2273492951904619
BEL,2018,0.03163843826702039,-0.2923705762400435,-0.29979422098263536,0,0,0,-0.30668853381850936,-1.1500235694351004
BEL,2019,0.1417703962505777,-0.28577435049711675,-0.2770681748981437,0,0,0,-0.30476496519168894,-1.2319464394132364
BEL,2020,0.1381230765553913,-0.28460053718426304,-0.2654130790482025,0,0,0,-0.30513874134117397,-1.1917506882179663
BEL,2021,0.23380822918379632,-0.27647834869243443,-0.22889563314891165,0,0,0,-0.30382614457892915,-1.2063116185733556
BEL,2022,0.3433987881500994,-0.26395279926383874,-0.2038663843523075,0,0,0,-0.29955425331298213,-1.261855479598792
BGR,2010,-0.6410355933287977,-0.34458201220350276,-0.5129183579350932,0,0,0,-0.3373872362393553,0.574099700457425
BGR,2011,-0.6247651281260522,-0.3441562282299607,-0.5020309963225228,0,0,0,-0.33705093508331135,0.46456175290422397
BGR,2012,-0.6096629450131711,-0.3435645322723151,-0.48410607086738644,0,0,0,-0.33672006646706076,0.5034669904706008
BGR,2013,-0.5917112933884258,-0.34326318229761466,-0.46238141726642196,0,0,0,-0.3368630199344047,0.5479513669845769
BGR,2014,-0.5727908224696464,-0.3425809124200235,-0.4446845867658668,0,0,0,-0.3365064087421694,0.5190617453183864
BGR,2015,-0.5490832444509349,-0.3412668790917027,-0.4106428056175181,0,0,0,-0.33595552256558286,0.6287460265060593
BGR,2016,-0.5214433998858508,-0.34039866337582764,-0.37491534712189867,0,0,0,-0.33591837022069004,0.6903830553574899
BGR,2017,-0.4968524866284614,-0.33916673924911567,-0.3418860850402275,0,0,0,-0.3355854226551234,0.7474338884756311
BGR,2018,-0.4777610475989702,-0.3377299663639457,-0.31136586745894934,0,0,0,-0.335137679426474,0.8297274382731055
BGR,2019,-0.45567766663202147,-0.33564647385959656,-0.2692962565676579,0,0,0,-0.3345720416646324,0.9704472122355956
BGR,2020,-0.44587549495120804,-0.3341027599202448,-0.24284836841939023,0,0,0,-0.33414538099834407,1.091037876204444
BGR,2021,-0.43613031264063196,-0.33100345876294,-0.19486497858371327,0,0,0,-0.333345460642959,1.3777171898543792
BGR,2022,-0.4089748777225647,-0.32719665524574826,-0.1345533346175018,0,0,0,-0.3325819411443258,1.554121454497883
BIH,2011,-0.787783221689812,-0.3471630449306926,-0.6678894080524982,0,0,0,-0.33443283452564904,1.9242213369964762
BIH,2012,-0.7780095446941172,-0.34652287452033376,-0.6529408435900675,0,0,0,-0.33178512380325,1.9001343696667203
BIH,2013,-0.7778100818982867,-0.34640532587931644,-0.6524012043072779,0,0,0,-0.3305537736077643,1.956655812473372
BIH,2014,-0.7729374907429987,-0.3461718842948711,-0.6508379193746605,0,0,0,-0.3286378229508881,0.9353697704675767
BIH,2015,-0.7705439371930326,-0.34610897097257565,-0.6464762987797421,0,0,0,-0.33032580941245665,1.1608481022578399
BIH,2016,-0.7691761923073377,-0.34604992076705177,-0.6450632227196538,0,0,0,-0.33039385368780666,1.11597871250029
BIH,2017,-0.7649304842246598,-0.34577674445868406,-0.6370298296851358,0,0,0,-0.3311082487412432,1.42754559500553
BIH,2018,-0.7609127336229311,-0.3455002569273592,-0.6314999178594358,0,0,0,-0.33089922250206255,1.4325589903604672
BIH,2019,-0.75820573853666,-0.3450090915608334,-0.6261369047809903,0,0,0,-0.3295709322352409,1.5829349414467409
BIH,2020,-0.7539885251391006,-0.34471108087039276,-0.6189713852321959,0,0,0,-0.3298527880478971,1.6769635474629032
BIH,2021,-0.7419637680190331,-0.343981507149569,-0.6072829096328036,0,0,0,-0.32927485828707176,1.334049353383073
BIH,2022,-0.725579324075813,-0.3427444875768082,-0.5938197440209384,0,0,0,-0.32761721451203735,0.9655577947161386
BRA,2010,0.6401994283458905,-0.24288296492858977,0.6545773221513602,0,0,0,-0.32289940047729737,0.1930844620087908
BRA,2011,0.8746536975020895,-0.16339574910182697,1.3440249204766674,0,0,0,-0.31997179384671903,0.9947391590047445
BRA,2012,1.0065840896014093,-0.1348300137350127,1.5688820393611187,0,0,0,-0.319130623956771,1.097227708058726
BRA,2013,1.245939444598015,-0.10416138780753209,1.9741233242782645,0,0,0,-0.3198183550518418,1.2454933061175295
BRA,2014,1.3559574238410976,-0.08074024337811342,2.0545740837465223,0,0,0,-0.31844144031286226,1.1631849895611286
BRA,2015,1.2073006515771343,-0.0521851471522999,2.123659038526747,0,0,0,-0.3166149077101996,1.528135768289003
BRA,2016,1.150653217561271,-0.03561882248733327,2.1025296571243235,0,0,0,-0.31502787145029043,1.612808347126607
BRA,2017,1.186072111163745,0.0006288383683386824,1.9447102017204414,0,0,0,-0.31019520559897906,1.3146792503560958
BRA,2018,1.243859332584354,0.054616099871477426,2.1048996193353378,0,0,0,-0.30743847878947256,1.430977681104725
BRA,2019,1.3617988342904197,0.09068892169671726,2.217100083822982,0,0,0,-0.30583090761216536,1.366906865434945
BRA,2020,1.4550334439986212,0.13753456129252867,2.3473645560551417,0,0,0,-0.30372927722976156,1.3733496615750354
BRA,2021,1.5385513660813654,0.2633105798919241,2.901518466564353,0,0,0,-0.30131982355757553,1.9096407990114423
CRI,2010,-0.7155491949140506,0.4417982377350738,-0.6203040254814456,0,0,1,3.3341672019631208,-0.5059497030107345
CRI,2011,-0.7092518695028304,0.49005937632569596,-0.6144456475358105,0,0,1,3.1518203230024695,-0.45034587469093024
CRI,2012,-0.701444325780322,0.5982732620934789,-0.6108065594342149,0,0,1,3.3630679139079485,-0.5087170676828339
CRI,2013,-0.6714109276652717,0.7022556410159241,-0.6037112764415568,0,0,1,3.3340688442439728,-0.826465765971278
CRI,2014,-0.6812415940312038,0.8473173332890558,-0.5980246654628609,0,0,1,3.5141371177354364,-0.5328636301238556
CRI,2015,-0.6706700658521869,1.0963744988120183,-0.5915156156781598,0,0,1,3.9343228514847333,-0.5464913829196926
CRI,2016,-0.6569641223101195,1.3197022313728168,-0.5842017385181685,0,0,1,4.177659516339146,-0.5849062143815388
CRI,2017,-0.642289359474018,1.6020222895923382,-0.5725994959755294,0,0,1,4.317180516480001,-0.5457294315744501
CRI,2018,-0.6168151109779507,1.9192242141081968,-0.5574682692008976,0,0,1,4.350572121124281,-0.5754886558949935
CRI,2019,-0.5623902624013415,2.367432371063803,-0.542624480968616,0,0,1,4.626418225455759,-0.8342059322556242
CRI,2020,-0.5307041725494099,2.328904958050471,-0.5315308103381992,0,0,1,4.165159025260366,-0.9079510246173949
CRI,2021,-0.5256321185982913,4.02399506728071,-0.4864890109228832,0,0,1,5.218449871562774,-0.454836922502525
CRI,2022,-0.5521321757586298,4.998254864889539,-0.4500582700637006,0,0,1,5.334335072246717,0.19882042625852409
CYP,2010,-0.777781587213168,-0.3455207422219179,-0.6581759009622846,0,0,0,-0.3088112007072924,0.556126233579189
CYP,2011,-0.7764708316977105,-0.3452622768873526,-0.6573247173512865,0,0,0,-0.30633187848363697,0.44091874450984864
CYP,2012,-0.7751885708673715,-0.34516916167038864,-0.6559505843322242,0,0,0,-0.3081315478563587,0.45534908958764975
CYP,2013,-0.7740772781477444,-0.34504246850525583,-0.6555444640472382,0,0,0,-0.3070546041051487,0.32233310261250314
CYP,2014,-0.7722821129852698,-0.3449877281154153,-0.6536974512442881,0,0,0,-0.31004875059485876,0.33889453882459014
CYP,2015,-0.770031032860897,-0.3442983932693639,-0.6530465461299955,0,0,0,-0.3019987765992102,0.11393969866027684
CYP,2016,-0.7636767180794395,-0.34352525483353047,-0.6498865965153097,0,0,0,-0.2992566416665222,-0.16502737592606573
CYP,2017,-0.7571514351872701,-0.3426299377762789,-0.6465319316954936,0,0,0,-0.29640850536165403,-0.32794100684869604
CYP,2018,-0.7499707745373719,-0.3420376688384774,-0.6393330323972484,0,0,0,-0.30232461908994174,-0.1945181693486511
CYP,2019,-0.7416788211678467,-0.3400974860421837,-0.6325513799671393,0,0,0,-0.2973349572726864,-0.18071767810041844
CYP,2020,-0.7366352619018468,-0.33972051077054305,-0.630954715285071,0,0,0,-0.2968804670078894,-0.30952067676613954
CYP,2021,-0.7270610477019825,-0.33670843075108214,-0.6226598475465209,0,0,0,-0.2898574008417703,-0.25867359852650756
CYP,2022,-0.7061174541397796,-0.3313907341472532,-0.6042286625580459,0,0,0,-0.2853926660452573,-0.17844955569583915
CZE,2010,-0.09883872489124838,0.08562568257485273,-0.368957061844912,0,0,1,-0.005318759530776489,-1.1919552800438946
CZE,2011,-0.08761181895450283,0.11929548590378232,-0.3520335288733028,0,0,1,0.0015765932533873335,-1.1435635913550528
CZE,2012,-0.08459138233192662,0.11837688797563456,-0.33836452147315693,0,0,1,-0.013180641700942887,-1.0942674928969776
CZE,2013,-0.08430643548074018,0.1196580984706962,-0.326536963584386,0,0,1,-0.023590624269528657,-1.0474155330773784
CZE,2014,-0.056552612175181365,0.14115734173577388,-0.3121669814457711,0,0,1,-0.022286103327126213,-1.0442131539037598
CZE,2015,-0.013012733313894036,0.19394341363342937,-0.29384149899722384,0,0,1,-0.005000549696720379,-1.0549992448947472
CZE,2016,0.07153099743312134,0.23087734179452485,-0.2702141996775578,0,0,1,-0.0032508377557468188,-1.1120632490048927
CZE,2017,0.19972858578189864,0.3009769857688504,-0.2409012163680874,0,0,1,0.011881676461950054,-1.198590375267197
CZE,2018,0.2960406214829138,0.377127278144929,-0.22289840483089893,0,0,1,0.037503205372350974,-1.2606142511192784
CZE,2019,0.36713486085392943,0.4662747816451199,-0.19258402903790137,0,0,1,0.057143154900930054,-1.258180263386362
CZE,2020,0.4546705335384024,0.5208919155664193,-0.18200264846196426,0,0,1,0.07468620092213746,-1.316301333278959
CZE,2021,0.5375330778634179,0.6101865208286368,-0.16355477359876372,0,0,1,0.10078336328208395,-1.3463026263643783
CZE,2022,0.6422225509893141,0.7485544987550192,-0.12809435309875153,0,0,1,0.1316014280417169,-1.3552564871754023
DEU,2010,1.147376328772627,-0.10586418769800783,2.0357812848056622,0,0,0,-0.32045593262723027,1.522266129121794
DEU,2011,1.346269230900759,-0.06986189392609991,2.2996593307982223,0,0,0,-0.3194732139863375,1.503708991897921
DEU,2012,1.381346188281809,-0.048178453815817084,2.458007298901744,0,0,0,-0.3189571647509469,1.6463218167273928
DEU,2013,1.4824738257678751,-0.029281148743942696,2.756978588150356,0,0,0,-0.31961849607863757,1.836889530245306
DEU,2014,1.8480891305251903,-0.00518941603326378,3.005590962060702,0,0,0,-0.3195529696968676,1.512338400238636
DEU,2015,2.003841079383696,0.00988480010617386,3.1208957432472806,0,0,0,-0.31928462756916587,1.4093895743776896
DEU,2016,2.074479403792813,0.04814020547236571,3.3256916327117376,0,0,0,-0.3181735211791669,1.5168475192450286
DEU,2017,2.287306206943962,0.08267101042662049,3.6300704413713962,0,0,0,-0.31793310612974757,1.523655183189753
DEU,2018,2.252200754877793,0.12190806874906694,4.012352021957894,0,0,0,-0.3178819958344652,1.924359094758931
DEU,2019,2.180764579285354,0.14236546428058838,4.057292291301963,0,0,0,-0.3170918853703886,2.071734186926288
DEU,2020,2.0484922509646104,0.13954435868055323,4.063767962695439,0,0,0,-0.3172645611913028,2.2878020617961767
DEU,2021,2.2758513435262673,0.20717868690403732,4.460647620375133,0,0,0,-0.3160404988116262,2.304027796166448
DEU,2022,2.3068535609353513,0.26136833181819447,4.972114394628211,0,0,0,-0.3160850469513385,2.723412361300759
DNK,2010,-0.5169697343222237,-0.1457023505981467,-0.409385501721534,0,0,0,-0.16067323391600513,0.28187191721245236
DNK,2011,-0.4966245291475122,-0.13753806502865587,-0.3436440851779752,0,0,0,-0.19115657316434836,0.7280045022919241
DNK,2012,-0.48861752262917335,-0.13310305602294834,-0.3392212683757302,0,0,0,-0.1900274363152912,0.6856130701315021
DNK,2013,-0.4790148137441905,-0.13162974441540345,-0.33834783159843146,0,0,0,-0.1893869451446622,0.5973364581536271
DNK,2014,-0.4649954286658179,-0.12550562090999468,-0.33649525550390624,0,0,0,-0.1859375987435566,0.48286631201206975
DNK,2015,-0.46419757748249585,-0.11049321980554022,-0.32502931156752013,0,0,0,-0.18092219443100238,0.5753207438394398
DNK,2016,-0.4428265636435132,-0.09679602154097659,-0.3565564849239006,0,0,0,-0.15460341131434424,0.13337092582563978
DNK,2017,-0.424219534261039,-0.08121099436756912,-0.34320458514353824,0,0,0,-0.15107329449439746,0.10629155217611756
DNK,2018,-0.41615553837246283,-0.07307580179229896,-0.32471776723931167,0,0,0,-0.15573636719832634,0.19150949497117808
DNK,2019,-0.40829100527971723,-0.05019031234796716,-0.31118784212854456,0,0,0,-0.14781449228805038,0.2377966360268046
DNK,2020,-0.40598293578510714,-0.044646157048573436,-0.3050237150632773,0,0,0,-0.14752687472879245,0.26717980267176406
DNK,2021,-0.40005604128042926,-0.005956346269149691,-0.2869096376945858,0,0,0,-0.1330669497700926,0.35761691616950436
DNK,2022,-0.37056404218263317,0.03228423153482379,-0.25843114812138807,0,0,0,-0.12573457150973097,0.3537484751530352
ESP,2010,-0.03740418377545291,-0.2813169547933322,0.48584268867703184,0,0,0,-0.3279904012912214,1.9186394981383403
ESP,2011,-0.00862455180562293,-0.278083317258766,0.5119289628729147,0,0,0,-0.32764460420569586,1.8529163503623685
ESP,2012,0.06298259189752829,-0.2751191460743217,0.5402572435735833,0,0,0,-0.32739180639719684,1.587409860836692
ESP,2013,0.07797079626993479,-0.274891440281506,0.5088914056728823,0,0,0,-0.3269757382770769,1.4159047444265607
ESP,2014,0.13678382635481506,-0.2703756343571902,0.5374422180365569,0,0,0,-0.3264399557519112,1.2590756990951217
ESP,2015,0.20400278854969517,-0.2655748373688447,0.6541767651579493,0,0,0,-0.32690425406213797,1.3417612989261376
ESP,2016,0.37801983056925126,-0.25982342307435896,0.7359682778958188,0,0,0,-0.3267862084008159,0.9781621096870542
ESP,2017,0.46940228574474113,-0.2513736394214278,0.8360129502917584,0,0,0,-0.326439374570905,0.9556197498829493
ESP,2018,0.4262613324751148,-0.25026669549330627,0.9350729200788962,0,0,0,-0.3271971133982575,1.3058346240630376
ESP,2019,0.4554113953514871,-0.24138632216153869,1.0469340237804563,0,0,0,-0.3269075275280888,1.4723477672740422
ESP,2020,0.5221174532142316,-0.24211262746715415,1.1743445274345634,0,0,0,-0.32799624933621613,1.5485728412890722
ESP,2021,0.5326319920230111,-0.23448703004370758,1.252163849987775,0,0,0,-0.3276076648194854,1.683276034913372
ESP,2022,0.5946649215262981,-0.20903595280459178,1.5914300601152056,0,0,0,-0.3270326515092904,2.191686529771086
EST,2010,-0.7387153739155078,-0.3461827066793001,-0.6296529050564856,0,0,0,-0.33527588298116456,-0.15047229816626112
EST,2011,-0.7274884679787622,-0.3460356974754408,-0.6254192401677958,0,0,0,-0.33508194668677427,-0.369432325370978
EST,2012,-0.7209916797717114,-0.34585567475708806,-0.621558315814641,0,0,0,-0.33471474403928414,-0.4051922296225604
EST,2013,-0.7100212260010337,-0.34542367656661804,-0.6181813978285244,0,0,0,-0.3332108943817259,-0.5640051054575792
EST,2014,-0.7054620763820507,-0.34514489532787407,-0.6132245050350649,0,0,0,-0.33277513284314325,-0.49836279003571693
EST,2015,-0.6937507607982882,-0.3449324232811354,-0.6096584351353931,0,0,0,-0.3324597164919936,-0.6288522426690537
EST,2016,-0.6873964460168307,-0.3446090595104567,-0.6065874981859098,0,0,0,-0.3317025052460511,-0.6556957940018827
EST,2017,-0.6696727518730344,-0.3466592873048304,-0.6566626856538436,0,0,0,-0.33152510480225367,-2.098072474663188
EST,2018,-0.6581608990851024,-0.34313304217763857,-0.5872049903380839,0,0,0,-0.32979724723014464,-0.6327351871317666
EST,2019,-0.6400952687198824,-0.34205996000757033,-0.5751994071189082,0,0,0,-0.3286156017477774,-0.6224998269383127
EST,2020,-0.6232264151296455,-0.34129951889681015,-0.5616583554249908,0,0,0,-0.3285626174074836,-0.5753464354749472
EST,2021,-0.5492257178765282,-0.33908453364665253,-0.5502758608622319,0,0,0,-0.32546029502233065,-1.0113756468568103
EST,2022,-0.5009842159706647,-0.3350424022539133,-0.5313829226730192,0,0,0,-0.3208160063494818,-1.06284957983834
FIN,2010,-0.6254774952540183,-0.3292315041115168,-0.41682918584908596,0,0,0,-0.3247190322998414,1.9446936097572787
FIN,2011,-0.618866728306493,-0.3301113021381623,-0.4303312945019773,0,0,0,-0.32464243446704566,1.5518276549106682
FIN,2012,-0.6137946743553745,-0.3284594948982407,-0.41527702749961887,0,0,0,-0.32411205724841663,1.6790853719400254
FIN,2013,-0.606471540279883,-0.32470751543813386,-0.39819772236390544,1,1,0,-0.32196701668993877,1.7785040051022518
FIN,2014,-0.6029666940102899,-0.320955535978027,-0.381118417228192,0,0,0,-0.32007511961245294,1.958204330888064
FIN,2015,-0.5933069957550697,-0.3179112326490657,-0.3744369040464357,0,0,0,-0.31814795451437283,1.8385941234870296
FIN,2016,-0.5902010750771376,-0.31594001179155984,-0.3556997380213273,0,0,0,-0.3180621792827213,2.0377660251184846
FIN,2017,-0.5798290096939513,-0.3127983631468703,-0.3267316787895163,0,0,0,-0.31788389296164155,2.2073272307082163
FIN,2018,-0.5754408281856802,-0.31599531755152904,-0.3170849311982045,0,0,0,-0.320641460389964,2.239683190933183
FIN,2019,-0.5638149966572736,-0.31383419863598966,-0.3010737780449201,0,0,0,-0.32016889966417317,2.1998113598763203
FIN,2020,-0.5507074415026977,-0.311880472014803,-0.2862364794139925,0,0,0,-0.3197959539743032,2.121480106492898
FIN,2021,-0.3730430797879552,-0.3105147263663079,-0.30062315142733287,0,0,0,-0.3180938743140512,0.08404017477001867
FIN,2022,-0.35731401360246395,-0.30858354385343656,-0.2795549662322362,0,0,0,-0.3181899365406981,0.13043544706054955
FRA,2010,1.2103495828848292,-0.18951437732793522,1.276742472166792,0,0,0,-0.3223738460520689,0.32550010620654146
FRA,2011,1.2245399360739138,-0.1782372791538449,1.351012414695057,0,0,0,-0.321764502015258,0.41031167272216446
FRA,2012,1.6029493544495,-0.1748467604448171,1.383958227403101,0,0,0,-0.3216919985227991,0.0006357091392237855
FRA,2013,1.7997621445639709,-0.17259731371909853,1.4005869059212273,0,0,0,-0.32159544560146425,-0.165656237127404
FRA,2014,2.104085381631084,-0.17047570752888622,1.4982337996482769,0,0,0,-0.32225527466822274,-0.3080102815641827
FRA,2015,1.6176241172856014,-0.16214330093615303,1.6193967268634895,0,0,0,-0.32241301986803217,0.26221134835200627
FRA,2016,1.636829535055567,-0.1524483154995855,1.6390017663743213,0,0,0,-0.32159085633803125,0.26376552680126897
FRA,2017,1.6173391704344149,-0.11610713849583963,1.858646081052856,0,0,0,-0.31994164997620667,0.5434044888093823
FRA,2018,1.7687029377846495,-0.13307160704179274,1.6843425927118016,0,0,0,-0.32004460520398337,0.17519906068351468
FRA,2019,1.977227043482883,-0.111997361775449,1.8044039881951344,0,0,0,-0.3190839533850114,0.1017793431195057
FRA,2020,2.0839396392522027,-0.10548099400078192,2.0122318715680483,0,0,0,-0.3202391933147924,0.2122774237949331
FRA,2021,2.3376278208634864,-0.07580658629320873,2.1576730032172198,0,0,0,-0.31886766627540714,0.12967797884030072
FRA,2022,2.8467423598782906,-0.03228825331252265,2.410363269852151,0,0,0,-0.3174035348472431,-0.03176532471597522
GBR,2010,2.3784607046385027,-0.1394668026884185,1.962863222130159,0,0,0,-0.3228651996215167,-0.07701735390076365
GBR,2011,2.635026849446769,-0.1280094728915784,2.4928501940369143,0,0,0,-0.32511203435807046,0.1843043497191711
GBR,2012,2.7576394795122923,-0.12055163344894296,2.3930224900124055,0,0,0,-0.3240133728179399,0.01455943768250965
GBR,2013,3.0603385195276425,-0.10067737912806295,2.715036932965293,0,0,0,-0.32428675287814623,0.05902332167725759
GBR,2014,3.315308961969265,-0.0871263044087284,2.6873706839620675,0,0,0,-0.32320144085565494,-0.11436830651904209
GBR,2015,3.6809812560968176,-0.06881241334598265,2.766525196493315,0,0,0,-0.3223716056639711,-0.2534095547790284
GBR,2016,3.9289135113141342,-0.049316040040678834,3.433836457641097,0,0,0,-0.3243430517233638,0.032055296156108776
GBR,2017,4.047536885463048,-0.02773276933046328,3.6602012285424137,0,0,0,-0.32406451960062277,0.10401120575333136
GBR,2018,4.175905441922537,0.014937807906998278,3.4219143237955483,0,0,0,-0.3206176372897249,-0.09699099783639013
GBR,2019,4.243836771245383,0.04322052448773449,3.4219143237955483,0,0,0,-0.3189996079309612,-0.12842178906679022
GRC,2010,-0.6167581216077134,-0.3434507626664176,-0.5949268390443934,0,0,0,-0.3296025574754485,-1.1887496209814072
GRC,2011,-0.6200350103963574,-0.3441338897538385,-0.6042397891411961,0,0,0,-0.3303662226623219,-1.3200933865129383
GRC,2012,-0.6228844789082217,-0.34421374315823455,-0.6006013964510474,0,0,0,-0.3312039985793295,-1.2394899057294555
GRC,2013,-0.6227705001677472,-0.3438486186580284,-0.5880283574912062,0,0,0,-0.33171195139898896,-1.0272490308264062
GRC,2014,-0.42504588012947964,-0.34169681054085604,-0.5636166340594438,0,0,0,-0.3291984337728005,-1.5967235711962608
GRC,2015,-0.42855072639907277,-0.34185002753563737,-0.566426096304895,0,0,0,-0.3292154078235191,-1.610665155119959
GRC,2016,-0.44088892505544547,-0.34199421479715963,-0.5570853297502166,0,0,0,-0.33051069258929383,-1.5061100107513823
GRC,2017,-0.4911820442898513,-0.34100662942102544,-0.5490352468409732,0,0,0,-0.32932528365221325,-1.274819737581405
GRC,2018,-0.4967670025731054,-0.340990545762995,-0.5353050432335007,0,0,0,-0.3305168102368637,-1.1203396318727972
GRC,2019,-0.4877911767607327,-0.34048772372916664,-0.5254524538539084,0,0,0,-0.3304402404333067,-1.0669091036389107
GRC,2020,-0.46419757748249585,-0.34013642558284213,-0.5131631427643999,0,0,0,-0.33076852612792595,-1.0587246941696835
GRC,2021,-0.4015092702214801,-0.33883221975974526,-0.49119370433412873,0,0,0,-0.3303606975988815,-1.119613326883093
GRC,2022,-0.33155481825521016,-0.33590826103563654,-0.43588902278555314,0,0,0,-0.33003044372103113,-0.9779157279098996
HRV,2010,-0.6905878507501187,-0.3453009337375648,-0.6154553849567004,0,0,0,-0.3330914266619683,-0.8518675152336158
HRV,2011,-0.6886787068471697,-0.3448201206129363,-0.6008906876129553,0,0,0,-0.333199528362075,-0.47356265684171245
HRV,2012,-0.6859147223906612,-0.34487457904427105,-0.5978809468707986,0,0,0,-0.3337119320262722,-0.44356187619316884
HRV,2013,-0.6785630936300512,-0.34465731009705025,-0.5906041614905011,0,0,0,-0.33376973455129755,-0.3895924247625459
HRV,2014,-0.6734625449938141,-0.34484297626952387,-0.5852634015783562,0,0,0,-0.33475315607627576,-0.34905343591884164
HRV,2015,-0.66619640028856,-0.34450719719686074,-0.5799838378735379,0,0,0,-0.33426904088822446,-0.3504503963922269
HRV,2016,-0.6595286439707974,-0.3442174113205317,-0.5748489197496737,0,0,0,-0.33393941982427655,-0.3452881697193166
HRV,2017,-0.6514931427673398,-0.34348603356040663,-0.561780747839644,0,0,0,-0.33325408017260266,-0.19888856977220715
HRV,2018,-0.6382146195020519,-0.3427504234411131,-0.5493801709186326,0,0,0,-0.33266006604467224,-0.16274665411103875
HRV,2019,-0.5511633564645959,-0.3418539779040084,-0.5344816760803783,0,0,0,-0.3320677855595464,-0.8126450546272275
HRV,2020,-0.5354342902791047,-0.34155544486646444,-0.5239114220875916,0,0,0,-0.3322593238941795,-0.7949610344255009
HRV,2021,-0.5036342216866985,-0.33980355278711777,-0.48733834327254916,0,0,0,-0.3318328357113056,-0.6148931068261692
HRV,2022,-0.47693470173052954,-0.33846345519083615,-0.4636109047045303,0,0,0,-0.33140651493957957,-0.555092207136156
HUN,2010,-0.09601775106450267,2.4037520672533375,-0.4263702309004699,0,0,1,2.2962352868665374,-1.4308989886374393
HUN,2011,-0.08764031363962146,2.61145005573315,-0.41801416695459315,0,0,1,2.401513009005587,-1.409134771016893
HUN,2012,-0.10334088513999407,2.7972939645156263,-0.39097656989935947,0,0,1,2.291891362333152,-1.2745333748160412
HUN,2013,-0.13673665609904428,3.0424740462944686,-0.38160242359523017,0,0,1,2.4051205715817177,-1.1750567656340662
HUN,2014,-0.06470209211911342,3.3079788167852007,-0.35499319999128315,0,0,1,2.370519163121476,-1.1956313337890596
HUN,2015,-0.015149834697792302,3.776794314751919,-0.3376079138189364,0,0,1,2.5585793483447405,-1.2109158987265745
HUN,2016,0.02551208096651203,3.963095687308646,-0.31760231731469357,0,0,1,2.5177921973562407,-1.202171946246605
HUN,2017,0.08466704727281602,4.809535979694656,-0.29633941691446664,0,0,1,2.884900035550505,-1.216248772289306
HUN,2018,0.17134787940372967,5.301993792775405,-0.2941196635759814,0,0,1,3.172156082292085,-1.3188402479865151
HUN,2019,0.27504003855047354,5.959123133560942,-0.2836718019978479,0,0,1,3.4749353201780107,-1.398935673561212
HUN,2020,0.32356648730752346,6.720184663858359,-0.2686954210775416,0,0,1,3.776105456138153,-1.4056871325273768
HUN,2021,0.45595279436874137,7.689248835168365,-0.2325173359643349,0,0,1,3.953992442623713,-1.4320466645548544
HUN,2022,0.48245285152907985,8.921725109462855,-0.20854511256700947,0,0,1,4.35567953145588,-1.399498468028748
IRL,2010,-0.5714230775839515,-0.2609408056779263,-0.5053077750602867,0,0,0,-0.21907124557093896,-0.28482211079920855
IRL,2011,-0.572420391563104,-0.26591033438612754,-0.5053077750602867,0,0,0,-0.2261117800903099,-0.2749867063863295
IRL,2012,-0.5442106532956469,-0.21220853583329058,-0.4653188352181017,0,0,0,-0.1873033720346633,-0.061713907111101834
IRL,2013,-0.5340665453934098,-0.19829712462330906,-0.44250933975998274,0,0,0,-0.18842767604722183,0.0967047911548099
IRL,2014,-0.529336427663715,-0.18448418540058562,-0.41365810965124994,0,0,0,-0.1930116487302576,0.36417032238374586
IRL,2015,-0.5309606247154777,-0.20196952683582178,-0.42362196486234527,0,0,0,-0.2036047442842969,0.2728088838286167
IRL,2016,-0.5258600760792405,-0.2175299305013342,-0.3913381838517443,0,0,0,-0.23257632105944465,0.5665831886376609
IRL,2017,-0.5049734718872748,-0.21139024508222382,-0.3640279855093283,0,0,0,-0.23757677377165104,0.6181259119759571
IRL,2018,-0.5016110990432748,-0.18686595868137762,-0.3387762050497181,0,0,0,-0.2281682217037461,0.8304033058440103
IRL,2019,-0.49195140078805466,-0.13633429899301575,-0.30249798068815875,0,0,0,-0.2071795388966191,1.0691837755640015
IRL,2020,-0.4781599731906312,-0.11300951029592411,-0.28033939034433253,0,0,0,-0.20080320090329143,1.1154649323859605
IRL,2021,-0.42983298722941177,-0.04057956102205809,-0.17393031238642023,0,0,0,-0.19676868820637303,1.4755825232522517
IRL,2022,-0.41732382046232724,-0.0017825239039234609,-0.10801643380403175,0,0,0,-0.1975609018542182,1.8448585157977777
ISL,2015,-0.7610837017336429,-0.11817325499376943,-0.6478337419240789,0,0,1,2.017985307367098,-0.167199481446629
ISL,2016,-0.7577783182598803,-0.08217260903494582,-0.6457920139159986,0,0,1,2.1637724263383276,-0.2206462369170626
ISL,2017,-0.7568094989658464,-0.06344208579374022,-0.6457530708749725,0,0,1,2.336580714695914,-0.28259326994605805
ISL,2018,-0.7565530467997786,-0.016438123875903453,-0.6462036974925598,0,0,1,2.837845766259096,-0.33788691405970517
ISL,2019,-0.7554132593950329,0.06215807422532143,-0.6426876972170643,0,0,1,3.0969599435396717,-0.1163845720781669
ISL,2020,-0.7534471261218465,0.087651875427512,-0.6420924250185231,0,0,1,3.234707234468297,-0.195629545677675
ISL,2021,-0.7494293755201177,0.1341494241536574,-0.6410576527855452,0,0,1,3.4782351177858533,-0.3461980926026277
ISL,2022,-0.74917292335405,0.20918029482636535,-0.6380089690023624,0,0,1,3.6601378716789625,-0.14591597864676217
ITA,2010,1.4998840783753662,-0.23666256697929203,0.8432341027563043,0,0,0,-0.32423519940450807,-0.5574970676173756
ITA,2011,1.4413275004565538,-0.2257824732702846,0.8305108549239341,0,0,0,-0.32239323836953837,-0.5245709041764125
ITA,2012,1.4424672878612994,-0.2247694980877271,0.9053927595254658,0,0,0,-0.32314289449055145,-0.43074407055363273
ITA,2013,1.4255129502157067,-0.22569669330153203,0.9362968442254294,0,0,0,-0.323627922416963,-0.3760502227550077
ITA,2014,1.4648356156794347,-0.22189759685826743,0.9403302306174138,0,0,0,-0.3231201045157161,-0.4067493343269458
ITA,2015,1.5085179679663152,-0.2163154812360489,1.0004582859616453,0,0,0,-0.3229935109095371,-0.37119739899523346
ITA,2016,1.56681809371906,-0.2100982025583422,1.112820085904969,0,0,0,-0.3233330582004608,-0.2872940354838269
ITA,2017,1.5899272833502798,-0.2058484788362483,1.1586393553179124,0,0,0,-0.3232401108486747,-0.2536528936067527
ITA,2018,1.6937334212374981,-0.2030358327448566,1.1851985092976831,0,0,0,-0.32314426771310534,-0.3142352150483907
ITA,2019,1.6792296265121087,-0.2011032676396524,1.2213042716204128,0,0,0,-0.32325231902553464,-0.2605046355089338
ITA,2020,1.758986250159192,-0.19644187446713346,1.3248649442918476,0,0,0,-0.3236439977251476,-0.21344882471132706
ITA,2021,1.880402103449732,-0.17976888283813172,1.428364420755956,0,0,0,-0.32265667586432956,-0.20452374836197712
ITA,2022,1.9875421194958318,-0.16456776855796185,1.555368804125077,0,0,0,-0.32212367198406766,-0.16099837056184416
LTU,2010,-0.7542734719902872,-0.3461798849845311,-0.6175583091721075,0,0,0,-0.3366465247979681,1.823408859142
LTU,2011,-0.7511390566272363,-0.345937503324142,-0.6102203275844834,0,0,0,-0.33627656995130945,2.01660646301299
LTU,2012,-0.736293325680423,-0.3458144783105425,-0.6031549472840416,0,0,0,-0.33637974054631825,1.1526365732562291
LTU,2013,-0.7225873821383555,-0.34560341718653514,-0.5941479782238723,0,0,0,-0.3363174557194703,0.8001059492426829
LTU,2014,-0.6883937599959833,-0.345331125632636,-0.5848906610428211,0,0,0,-0.33611579099598404,-0.032005539237270834
LTU,2015,-0.6649711288284582,-0.34484805531149704,-0.5725512803291363,0,0,0,-0.33561927347355935,-0.20224819252338846
LTU,2016,-0.6535162654107636,-0.34460059449073266,-0.5619865896279246,0,0,0,-0.3356420707547767,-0.1700383012402121
LTU,2017,-0.6410355933287977,-0.34411978138763183,-0.5558780954784088,0,0,0,-0.33496387720347853,-0.24340409281890454
LTU,2018,-0.6229129735933404,-0.34349308774350995,-0.54762773407246,0,0,0,-0.33419812057979204,-0.34087378149562214
LTU,2019,-0.6004306670347306,-0.3425876128175887,-0.5389935055478258,0,0,0,-0.333055382361368,-0.45974816376558497
LTU,2020,-0.577378466773748,-0.3415083226305581,-0.5282674793909347,0,0,0,-0.3319038850611062,-0.5305274529595847
LTU,2021,-0.5466611962158503,-0.339897739823138,-0.50653169920682,0,0,0,-0.3308551275858244,-0.5173599923176474
LTU,2022,-0.5148896223085627,-0.33735798005179163,-0.47808102609149794,0,0,0,-0.3293152999322756,-0.4454274420948912
LUX,2010,-0.7504266894992703,-0.34158027534126734,-0.6241118666476353,1,1,0,-0.31280252337773773,0.9316307164079111
LUX,2011,-0.7488024924475075,-0.34158027534126734,-0.6241118666476353,0,0,0,-0.31280252337773773,0.7977074468904346
LUX,2012,-0.7468933485445585,-0.3377018856002228,-0.6221535880131822,0,0,0,-0.2952002576984259,0.7831421405086012
LUX,2013,-0.7436449544410331,-0.34160962094103164,-0.6244567907252947,0,0,0,-0.31273807024758293,0.4140630891553999
LUX,2014,-0.7415363477422534,-0.34157152835227367,-0.6230770944146572,0,0,0,-0.31338118057648773,0.3705127241876631
LUX,2015,-0.7374331130851688,-0.34109805178904373,-0.6225096386739918,0,0,0,-0.31140452314391753,0.18101296983186013
LUX,2016,-0.7359228947738806,-0.3406463016275525,-0.6194108852666328,0,0,0,-0.3111501624090394,0.2709213642911401
LUX,2017,-0.7327599847257112,-0.33977581543260166,-0.6143761063911212,0,0,0,-0.3102279703909597,0.37128369375278303
LUX,2018,-0.7297680427882537,-0.339757474556533,-0.6107488402841227,0,0,0,-0.3120426682352632,0.40275307252195897
LUX,2019,-0.7246389994668978,-0.3393356344069539,-0.6072328400086273,0,0,0,-0.3121095664645883,0.33226927512923515
LUX,2020,-0.7249239463180842,-0.3393356344069539,-0.6072328400086273,1,1,0,-0.3121095664645883,0.34443565545934074
LUX,2021,-0.7146943543604912,-0.3393356344069539,-0.6072328400086273,0,1,0,-0.3121095664645883,-0.03428949443336106
LUX,2022,-0.7140104819176438,-0.3393356344069539,-0.6072328400086273,0,1,0,-0.3121095664645883,-0.055948902595827306
LVA,2010,-0.7319051441721519,-0.34630855333384947,-0.6260256389494873,0,0,0,-0.3364310693155008,-0.24153304551533022
LVA,2011,-0.7218465203252707,-0.3460641963924004,-0.6193163093098552,0,0,0,-0.3359570915279399,-0.2860580906792661
LVA,2012,-0.6989367934898814,-0.34565448948942534,-0.6035054346532762,0,0,0,-0.3357952571982345,-0.3340416659362111
LVA,2013,-0.6818684771038138,-0.34534128371658224,-0.5919838578011386,0,0,0,-0.33567470491306084,-0.36328456641015006
LVA,2014,-0.6728356619212039,-0.3452995229870548,-0.5770074768808322,0,0,0,-0.33647669734373575,-0.16028861284970475
LVA,2015,-0.6544850847047974,-0.3450444437863158,-0.5699031535393644,0,0,0,-0.3362264804949819,-0.3195069416323429
LVA,2016,-0.6420044126228316,-0.34477130580794385,-0.5571910322901446,0,0,0,-0.3362355165011113,-0.2542195251722529
LVA,2017,-0.6398673112389333,-0.34436639569781274,-0.5456583288548565,0,0,0,-0.3359476274230408,-0.06748225839163813
LVA,2018,-0.6274721232123234,-0.3438765531197848,-0.5344761127888031,0,0,0,-0.33554779160693443,-0.0528925967323337
LVA,2019,-0.6220296383546624,-0.34341351660977076,-0.5289239477968025,0,0,0,-0.3350093662535767,-0.03633354687122427
LVA,2020,-0.6161597332202219,-0.3433861463448856,-0.5223982067791505,0,0,0,-0.33524483307407704,-0.010878055892303798
LVA,2021,-0.6217161968183573,-0.3427323364622476,-0.5128682883109169,0,0,0,-0.3346423433688459,0.22955898583072928
LVA,2022,-0.6136522009297812,-0.3417375555093497,-0.5038724458338978,0,0,0,-0.33360645310472575,0.25233496598426347
MKD,2011,-0.7739917940923884,-0.33212006964300916,-0.657124438854581,0,0,0,-0.07792946574803404,0.019728635517365613
MKD,2012,-0.7717692086531343,-0.330817314611867,-0.6554888311314867,0,0,0,-0.08627503045938438,-0.02611961121027629
MKD,2013,-0.7696036125841174,-0.3320368475045166,-0.6491856217768407,0,0,0,-0.17482800774495827,0.6071637796985644
MKD,2014,-0.7685493092347275,-0.3294710261776943,-0.646359469656664,0,0,0,-0.16945134052947278,0.8354626506099208
MKD,2015,-0.7647880107990666,-0.323303353769341,-0.6416640515672366,0,0,0,-0.14741282665090752,0.875921324838362
MKD,2016,-0.7626509094151683,-0.31955524549887765,-0.6376918613825788,0,0,0,-0.14415099499886036,1.0310232578445224
MKD,2017,-0.7607417655122192,-0.31268434474582474,-0.6309491519934959,0,0,0,-0.13710608938397148,1.4637125478507438
MKD,2018,-0.7563250893188295,-0.30492672973225804,-0.6245235502241965,0,0,0,-0.12616042926580695,1.493153972271758
MKD,2019,-0.7521648652915075,-0.2977788579151451,-0.6168517711420634,1,1,0,-0.12573746232567584,1.6369994536873487
MKD,2020,-0.7482183514025753,-0.2906309860980321,-0.6069518937840822,0,0,0,-0.13298285042482952,1.9260619183316374
MKD,2021,-0.7442718375136432,-0.27275693850725047,-0.5970520164261011,0,0,0,-0.10411579658664442,2.1647022779970424
MKD,2022,-0.7374616077702875,-0.24508781185719153,-0.5868266865109736,0,0,0,-0.055722109411354546,2.1191804408080075
MLT,2010,-0.7696890966394733,-0.3460828194960706,-0.6615695088231267,1,1,0,-0.3111695828583151,-1.144162578561389
MLT,2011,-0.7692046869924564,-0.3460828194960706,-0.6591772934458118,0,0,0,-0.3175067873266907,-0.8420162270154382
MLT,2012,-0.769632107269236,-0.3458585905061966,-0.657157818604032,1,1,0,-0.3171806778576235,-0.5210785756121913
MLT,2013,-0.7718261980233715,-0.3456343615163226,-0.6559116412911982,1,1,0,-0.3156524464413857,-0.08590644468462878
MLT,2014,-0.7698600647501851,-0.3454101325264486,-0.6523177549336506,0,0,0,-0.3178341864033139,0.19659233243180532
MLT,2015,-0.7687772667156767,-0.34461808889927315,-0.6486292926193256,0,0,0,-0.31333258526387725,0.5621223500077287
MLT,2016,-0.7635342446538462,-0.34420979283291886,-0.6448796340976738,0,0,0,-0.31369917538601877,0.3669910641476735
MLT,2017,-0.7613686485848293,-0.3430802768966367,-0.6413024376148517,0,0,0,-0.30804074347774263,0.5111907910821714
MLT,2018,-0.7598584302735413,-0.341826325454577,-0.6378309436719576,0,0,0,-0.30260321789657335,0.6923438159104528
MLT,2019,-0.7570659511319142,-0.3426914504445361,-0.6332467914140332,0,0,0,-0.31278886483702284,0.8231558732425032
MLT,2020,-0.7553847647099142,-0.3415340000464976,-0.6311883735312274,0,0,0,-0.3073992865308503,0.8335293254651217
MLT,2021,-0.7425906510916432,-0.33984426899465986,-0.6314331583605339,0,0,0,-0.2970773622718223,-0.06977031492666386
MLT,2022,-0.7391142995071688,-0.3384571911804342,-0.6256640249971024,0,0,0,-0.29553154498867024,0.09113550307840633
NLD,2010,0.3227686361242014,-0.27866571034022286,0.10728295015431012,0,0,0,-0.32069662774970287,-0.4498354323460528
NLD,2011,0.4214742253751827,-0.2755297029753608,0.12693249599774328,0,0,0,-0.32028454097001857,-0.5650476844891128
NLD,2012,0.5538320377512819,-0.2760206706749272,0.1378421107766143,0,0,0,-0.3207108481407266,-0.7254412387141145
NLD,2013,0.962075391446088,-0.27528788640524077,0.14834004197892414,0,0,0,-0.32076576750844993,-1.1048191365013087
NLD,2014,1.0304056463605953,-0.2641874238738417,0.19939436876408442,0,0,0,-0.3189856419173088,-1.0751511399974019
NLD,2015,1.12483703284378,-0.2548059204099745,0.22963085847502987,0,0,0,-0.31729643313029693,-1.0971488940249483
NLD,2016,1.216134003963914,-0.24517414086734388,0.2828715588492245,0,0,0,-0.31627372107630397,-1.0826242406727569
NLD,2017,1.2592749572335402,-0.22534991131349652,0.3485907222264827,0,0,0,-0.31333578836757503,-1.020270998211946
NLD,2018,1.3823719969460804,-0.2153865872316646,0.4219872279774492,0,0,0,-0.3130818436461615,-1.004447105207099
NLD,2019,1.496464716161129,-0.20167155648821297,0.4834115302586909,0,0,0,-0.31180324810180193,-0.9994646392676777
NLD,2020,1.5959111672251949,-0.20135807244885742,0.5398845030380481,0,0,0,-0.31312052601460166,-0.9920353617441301
NLD,2021,1.6128655048707878,-0.19064824081788578,0.6026996282130775,0,0,0,-0.3125432683242318,-0.9282729262828127
NLD,2022,1.7808416736451915,-0.16019721990590124,0.7016483321687125,0,0,0,-0.30942404052410666,-0.9173663371534003
NOR,2010,-0.5449515151087316,-0.17077452520512948,-0.4693522216100861,0,0,0,-0.13600400040729024,-0.10115172436084563
NOR,2011,-0.5432418340016131,-0.13196668499134775,-0.45077082774908195,0,0,0,-0.11202440066602982,0.09589827020669311
NOR,2012,-0.5341235347636472,-0.12083521436523707,-0.44151351056803073,0,0,0,-0.10991416036236346,0.10828511258432368
NOR,2013,-0.5247487833596134,-0.10152230493142532,-0.4346650986390199,0,0,0,-0.09746485815692611,0.09164480195484513
NOR,2014,-0.5199616762596813,-0.08717564511288786,-0.42127981910920675,0,0,0,-0.0970852225630918,0.1872456672991794
NOR,2015,-0.5027223917629019,-0.07162984305529128,-0.4103256979977345,0,0,0,-0.09338046744672875,0.13809714094261732
NOR,2016,-0.5002148594724612,-0.062418209693855815,-0.40762193829221116,0,0,0,-0.08772800776556053,0.1422816565459733
NOR,2017,-0.49722291753500375,-0.06291292837262118,-0.4011518301903106,0,0,0,-0.09424849977824834,0.17854028053086732
NOR,2018,-0.49574119390883425,-0.03252813962668024,-0.38245917049780337,0,0,0,-0.08558797209156878,0.3451930585103034
NOR,2019,-0.46570779579378396,0.011100478342421682,-0.35810864327336767,0,0,0,-0.07282778579317623,0.3006656451426787
NOR,2020,-0.45097604358744525,0.04351434223614926,-0.34400569913036,0,0,0,-0.06118462410952317,0.2997297583136149
NOR,2021,-0.42852223171395415,0.10122069031513531,-0.3221252733652913,0,0,0,-0.04000233980205701,0.3014639402624645
NOR,2022,-0.4093738033142257,0.17516134250030427,-0.29221701785727977,0,0,0,-0.018067255354263987,0.3863927336093712
POL,2010,0.279798650965287,-0.27079026945783596,-0.24387757736079316,0,0,0,-0.29938793736813446,-1.2983516602073382
POL,2011,0.39907740287192883,-0.2537598195000042,-0.18325995235794837,0,0,0,-0.2964238811001533,-1.2673945205741608
POL,2012,0.5440013713853499,-0.2392579414755609,-0.12381618187746045,0,0,0,-0.2950970544092395,-1.2673364724361684
POL,2013,0.7013490226104996,-0.2232710779971988,-0.08557967888144796,0,0,0,-0.291721106144245,-1.3171379739762041
POL,2014,0.8898128699852079,-0.2210044298113152,-0.020806275071965415,0,0,0,-0.29585055490193507,-1.3325769654288404
POL,2015,1.0019109612419517,-0.18846087365901681,0.09578918976004824,0,0,0,-0.2928287882058669,-1.2170826525325222
POL,2016,1.280617476387404,-0.18084307510343284,0.1824763990840504,0,0,0,-0.2956675261569245,-1.2614982035421642
POL,2017,1.61597142554872,-0.1566401287872655,0.2522678918943191,0,0,0,-0.2929810354468052,-1.3418417190930247
POL,2018,1.9835528635792217,-0.12053449949951464,0.3187826059668239,0,0,0,-0.28768776732526224,-1.4177560184061833
POL,2019,2.296481495552165,-0.09261011337610536,0.39854908057133825,0,0,0,-0.2855753671933275,-1.4469432242266096
POL,2020,2.540908904499889,-0.057414914595127944,0.42533632950569006,0,0,0,-0.2794193088523498,-1.4960602909306189
POL,2021,3.141006973098522,0.01129071257636877,0.5591946880953972,0,0,0,-0.27307858423671105,-1.5417875320718366
POL,2022,3.9604001383702356,0.1339248421101857,0.7067498705431259,0,0,0,-0.2595450039612508,-1.606516981585342
PRT,2010,-0.52566061328341,-0.3370531831975947,-0.46044539179826943,0,0,0,-0.3299847274417849,-0.17572980835236968
PRT,2011,-0.5221272723286982,-0.337083656717493,-0.443438409453033,0,0,0,-0.33086623089900674,-0.025746119646653468
PRT,2012,-0.5224407138650032,-0.33737005698204137,-0.4373466051782427,0,0,0,-0.33142726537635336,0.04151965724711549
PRT,2013,-0.5164853246752068,-0.3371076411983762,-0.42718803476201705,0,0,0,-0.331588481752145,0.09283183092910587
PRT,2014,-0.5081363819354442,-0.33707152390144207,-0.41697939472161505,0,0,0,-0.3319476082643626,0.12061358800717578
PRT,2015,-0.49212236889876654,-0.3366776184719513,-0.4012853491881142,0,0,0,-0.33215238903960354,0.13260506555898197
PRT,2016,-0.47496856845734314,-0.33602976219240877,-0.3808903222736108,0,0,0,-0.3322754661069066,0.17629023911253397
PRT,2017,-0.44516312782324197,-0.33470611482712476,-0.3449069523655345,0,0,0,-0.3323251659209585,0.24632562234876257
PRT,2018,-0.41524370844866626,-0.33298009787373234,-0.29857586012767734,0,0,0,-0.332361321657906,0.3824917492827466
PRT,2019,-0.372017271123684,-0.3304403095136556,-0.24058967203987894,0,0,0,-0.3321889121085346,0.48417244678439814
PRT,2020,-0.36557747228687054,-0.3282402506807237,-0.19795260540792203,0,0,0,-0.33192438408795305,0.7241476049190642
PRT,2021,-0.29012354609270247,-0.3243046936830885,-0.13165485970684815,0,0,0,-0.33137263338853157,0.6233308469208299
PRT,2022,-0.17355178927233175,-0.3183071698589559,-0.05855320840936463,0,0,0,-0.33026852783083166,0.381612596128805
ROU,2010,-0.516228872509139,-0.3221054191458073,-0.4119390525545283,0,0,0,-0.31858221267021647,0.24813004879457012
ROU,2011,-0.5277977146673083,-0.32056335646396517,-0.38505166437182375,0,0,0,-0.3194606112041346,0.6566076760825842
ROU,2012,-0.5001008807319868,-0.3152240562952163,-0.3521837377458319,0,0,0,-0.31779272854046736,0.6825140434774282
ROU,2013,-0.48140836729415654,-0.3112103662975334,-0.3174409818590142,0,0,0,-0.3174480926868545,0.8125525400608877
ROU,2014,-0.4517738947707673,-0.30383810808030826,-0.2753157380519712,0,0,0,-0.31562723422575184,0.8808326119863957
ROU,2015,-0.419261459050395,-0.2957297062453592,-0.20199711838305678,0,0,0,-0.31559874985092334,1.1500001701213527
ROU,2016,-0.38133503315748046,-0.2901400872869726,-0.1486729686352349,0,0,0,-0.31572103927495254,1.186881288768698
ROU,2017,-0.3365983775212101,-0.2838755848489225,-0.08270902042867007,0,0,0,-0.31610052119151644,1.241564508928459
ROU,2018,-0.2946826957116854,-0.2728632472510498,-0.028911990896960352,0,0,0,-0.31419823825322946,1.23810396015158
ROU,2019,-0.2582094987598217,-0.2572806855973032,0.003037992619131567,0,0,0,-0.3100694017515857,1.156498957779724
ROU,2020,-0.1964900107928398,-0.2447392484123684,0.060490104715715455,0,0,0,-0.30851019616867137,1.0574095958674308
ROU,2021,0.38297790577989527,-0.22079956090296898,0.12856254042926252,0,0,0,-0.3042927382805213,-0.5000242881834013
ROU,2022,0.575886924033112,-0.1816455752309552,0.25234021468479606,0,0,0,-0.2993283279501002,-0.5159615317602763
SVK,2010,-0.5809972917838158,-0.34267057007977236,-0.5642063429664098,0,0,0,-0.3312746563301495,-0.9846264104382889
SVK,2011,-0.5222982404394101,-0.3407185365658633,-0.5332577519338451,0,0,0,-0.33021434056069127,-0.9739596071346388
SVK,2012,-0.5160579043984271,-0.340020172610855,-0.530047732694983,0,0,0,-0.3293048459240176,-0.9739230315424019
SVK,2013,-0.5014116362474443,-0.3397848449936394,-0.5325122708627749,0,0,0,-0.3286909383769327,-1.0719035261321026
SVK,2014,-0.4293485775823948,-0.3393012097867441,-0.525552593102261,0,0,0,-0.32851705515398893,-1.288199936297362
SVK,2015,-0.38552375186992105,-0.33763275477803145,-0.506314730835389,0,0,0,-0.3276404051280668,-1.277057477783913
SVK,2016,-0.3733850160093789,-0.337123725028628,-0.4898974573971186,0,0,0,-0.32822541936283955,-1.199092589037783
SVK,2017,-0.3197865133012104,-0.3363534077170806,-0.47781955138746585,0,0,0,-0.3281113611705127,-1.2664173610535014
SVK,2018,-0.26439284543056735,-0.33553596894462256,-0.4647903225184623,0,0,0,-0.3280187521609378,-1.3186133150918855
SVK,2019,-0.21085133209263615,-0.3335534613941514,-0.45910463852865807,0,0,0,-0.32618185312789805,-1.393297537980429
SVK,2020,-0.17662921526514525,-0.33384494037775797,-0.45005316313588745,0,0,0,-0.3271134353411297,-1.4092222164286792
SVK,2021,-0.1346565440853833,-0.33232925045522155,-0.4419975169350689,0,0,0,-0.3260621975004573,-1.439622973881878
SVK,2022,-0.061738644866774495,-0.3302831143798239,-0.4311379717803742,0,0,0,-0.32475419396339167,-1.4962726256571268
SVN,2010,-0.6719238319974072,-0.3443023437238456,-0.6171466255955463,0,0,0,-0.32845366434951706,-1.1423124627949057
SVN,2011,-0.6636033839427634,-0.34426735492829225,-0.6171688787618469,0,0,0,-0.32829487977046445,-1.2276257463366147
SVN,2012,-0.6575340160124923,-0.3443607522221641,-0.6162787521098227,0,0,0,-0.32891154277994805,-1.2636693649961002
SVN,2013,-0.6447968917644586,-0.34404218545960585,-0.6133858404907443,0,0,0,-0.32823581857720213,-1.309470674124638
SVN,2014,-0.6305210545200182,-0.34409833667530326,-0.6135638658211491,0,0,0,-0.32842553419071063,-1.4128683663735746
SVN,2015,-0.6147634936494083,-0.3437049954857391,-0.6104818022885155,0,0,0,-0.3275551465632806,-1.4543736664371492
SVN,2016,-0.6021688428269679,-0.3437902098152673,-0.6075332577536855,0,0,0,-0.3285163908049616,-1.4752110698624228
SVN,2017,-0.5897736548003579,-0.3430404912867118,-0.6038447954393604,0,0,0,-0.3265943618575148,-1.482025468439785
SVN,2018,-0.5789171797701548,-0.342648560890713,-0.5990548013931554,0,0,0,-0.3262987213342556,-1.4664128461032475
SVN,2019,-0.57250587561846,-0.34201283785777453,-0.5929852502846658,0,0,0,-0.32555677018114854,-1.4157299236285583
SVN,2020,-0.5635015551209686,-0.3417738423150661,-0.5884066613183165,0,0,0,-0.32575515081102685,-1.3987318780885933
SVN,2021,-0.5493112019318841,-0.34103871170283573,-0.5845290470904363,0,0,0,-0.32445696362058,-1.4137958066225664
SVN,2022,-0.5310461087708336,-0.34012178074738825,-0.5781980212779145,0,0,0,-0.3232898133844522,-1.4161024205332977
SWE,2010,0.20018450074379693,0.09296785270337549,-0.14673137987550722,0,0,1,-0.14458620634767927,-0.9303003289958671
SWE,2011,0.2515889126978299,0.14823062899982797,-0.11870908021147188,0,0,1,-0.13113145303030282,-0.9280888035577274
SWE,2012,0.2532985938049485,0.15156683049896016,-0.1089621933718074,0,0,1,-0.13338884838126056,-0.904134272608935
SWE,2013,0.23970662900335551,0.17078907163557194,-0.10927930099159101,0,0,1,-0.12525326231122189,-0.8849091152868221
SWE,2014,0.2756099322528464,0.22133013322735123,-0.09087593246099167,0,0,1,-0.1117005647828206,-0.8880298482586463
SWE,2015,0.30111267543403236,0.6043615401532236,0.0441062110268959,0,0,1,-0.029591301947397383,-0.5742774546102369
SWE,2016,0.332399839694303,0.6090777685772099,0.05106032549583459,0,0,1,-0.03106536592287031,-0.6083981856073758
SWE,2017,0.3605525885915228,0.625806267809506,0.08410627745223125,0,0,1,-0.03946192645824247,-0.571697138450034
SWE,2018,0.31080086837437115,0.7795482867015397,0.10642063996016171,0,0,1,-0.0018048519626729152,-0.4305575201907438
SWE,2019,0.34408266059294684,0.9026585625726703,0.14957509270860767,0,0,1,0.015474028842185778,-0.3815712654319483
SWE,2020,0.37234938823064123,1.0043549507942735,0.12312720456034003,0,0,1,0.05736279489078897,-0.4956257844222028
SWE,2021,0.416972065126437,1.1344359609870533,0.18127472810381778,0,0,1,0.06589967452017775,-0.43083403586198815
SWE,2022,0.37961553293589534,1.4028313373146302,0.2824932550221142,0,0,1,0.08858315810581086,-0.12245997473280741
TUR,2010,-0.5430708658909011,-0.32581432158924173,-0.348022395647619,0,0,0,-0.3257837483808589,1.2721848089036183
TUR,2011,-0.5134933827377491,-0.3197940223636321,-0.31692359574252515,0,0,0,-0.32316582014377077,1.1942750348697446
TUR,2012,-0.4923503263797157,-0.3154557839712842,-0.299927739980439,0,0,0,-0.32125869014749947,1.0983143719470163
TUR,2013,-0.45063410736602155,-0.3064206789586906,-0.2772907065611498,0,0,0,-0.317035595525556,0.8532440405506732
TUR,2014,-0.4184066184968357,-0.2984960744156068,-0.24801666629270547,0,0,0,-0.3143283414521898,0.7913770571485618
TUR,2015,-0.38016675106761605,-0.2858788388621222,-0.20450616288344986,0,0,0,-0.31051155127950253,0.7911759047341222
TUR,2016,-0.341243011195549,-0.2755024937373604,-0.16763266632334936,0,0,0,-0.3079411890095367,0.7442668484452702
TUR,2017,-0.3012649679740921,-0.2538168881168642,-0.12352132742397745,0,0,0,-0.3013530027380114,0.7399794635601991
TUR,2018,-0.25259604579144895,-0.2272634879906675,-0.09727371777241525,0,0,0,-0.2923394897536642,0.5911472124813988
TUR,2019,-0.19349806885538223,-0.194092743316436,-0.04809978353965599,0,0,0,-0.283733806661104,0.5251233849968853
TUR,2020,-0.10177367745846867,-0.14347730142602072,0.01362493648664383,0,0,0,-0.27161017583911223,0.385150805422249
TUR,2021,0.06098796393922324,-0.013956068217892904,0.15833171364789525,0,0,0,-0.2471989361345169,0.3279648069756625
TUR,2022,0.24084641640810128,0.3175635967213197,0.29629578142006374,0,0,0,-0.18035375951958094,0.22560982179701905
