Pais,Country_Name,Region,Income_Group,Ano,ENTR,TUTT,EMPE,PROD,TAMANHO_MEDIO,Flag_TUTT_Zero_Suspeito,Flag_TUTT_Ausente_Ou_Imputado,Flag_Outlier_Prod,Internet_Usage_Pct,GDP_Per_Capita_PPP,Broadband_Subscriptions,GDP_USD,Secure_Servers
AUT,Austria,Europe & Central Asia,High income,2010,12849.0,7355.60009765625,41793.0,0.1760007680151281,3.252626663553584,0,0,0,75.17,41735.4574798744,24.5113861270145,389827789217.634,690.149608939135
AUT,Austria,Europe & Central Asia,High income,2011,13227.0,8683.39990234375,45761.0,0.1897554664964434,3.459665835034399,0,0,0,78.7399930986888,44171.5618687028,24.9926429150975,428954737064.057,1068.4439268925
AUT,Austria,Europe & Central Asia,High income,2012,13545.0,9283.19970703125,48444.0,0.1916274400757834,3.5765227021040973,0,0,0,80.0299939169903,46156.4832073037,25.2644782408466,406750487603.59,1613.40623020831
AUT,Austria,Europe & Central Asia,High income,2013,13863.0,10036.30004882813,50439.0,0.1989789656580846,3.638389958883359,0,0,0,80.6188,47519.8522796571,26.3222866586035,426580502769.417,1857.46801554702
AUT,Austria,Europe & Central Asia,High income,2014,14236.0,10808.2001953125,53606.0,0.2016229562980356,3.765524023602136,0,0,0,80.9958249574764,48355.4977624407,27.597689562142,438556021078.034,2345.32706103046
AUT,Austria,Europe & Central Asia,High income,2015,14387.0,10953.2001953125,54297.0,0.201727539188399,3.7740321123236256,0,0,0,83.9401419315026,49549.3162311441,28.4068593397138,379546097300.633,3081.90763093797
AUT,Austria,Europe & Central Asia,High income,2016,14405.0,11762.39990234375,57795.0,0.2035193338929622,4.012148559527942,0,0,0,84.3237425711653,52397.8635176674,28.8775983744406,393687359770.273,4449.98024418463
AUT,Austria,Europe & Central Asia,High income,2017,15289.0,12598.89990234375,61702.0,0.2041894898438259,4.035711949767807,0,0,0,87.9355865856062,53869.8321183556,28.5425998928488,414926138132.691,7431.71463561626
AUT,Austria,Europe & Central Asia,High income,2018,15376.0,13730.2001953125,63542.0,0.2160807056012165,4.132544224765869,0,0,0,87.4791372262556,56636.4953030542,28.5150396136468,452582294972.775,16705.0109377038
AUT,Austria,Europe & Central Asia,High income,2019,16511.0,15501.6005859375,65389.0,0.2370674056177262,3.960329477318152,0,0,0,87.7522047870069,60354.9279422121,28.3631930003301,442983642371.842,26298.32250741
AUT,Austria,Europe & Central Asia,High income,2020,17146.0,15420.0,68009.0,0.2267346968783543,3.9664644815117223,0,0,0,87.52942813,58523.0337816246,29.2106456326106,434397601557.696,33802.6911703487
AUT,Austria,Europe & Central Asia,High income,2021,22842.0,16473.3994140625,73815.0,0.2231714341808914,3.2315471499868664,0,0,0,92.52915104,62968.9422311892,29.2537339731419,480466363176.806,39775.2427840872
AUT,Austria,Europe & Central Asia,High income,2022,23211.0,17812.4697265625,79028.0,0.2253944137085906,3.4047649821205463,0,0,0,93.61409139,72065.4974270106,29.2342573265435,473221298968.216,39544.447259748
BEL,Belgium,Europe & Central Asia,High income,2010,18401.0,12783.699584960938,49820.0,0.2565977435760926,2.707461551002663,0,0,0,77.6397855126946,39839.9772772918,30.842629161864,481556503720.001,401.814092422381
BEL,Belgium,Europe & Central Asia,High income,2011,20252.0,13008.600219726562,47579.0,0.2734105428808205,2.34934821252222,0,0,0,81.6099959955952,41244.8495035213,32.1032472233196,527196649048.639,597.920107727085
BEL,Belgium,Europe & Central Asia,High income,2012,20946.0,13803.900390625,51280.0,0.2691868250901911,2.4482001336770742,0,0,0,80.7199905482042,42483.5250666788,33.2388297727719,498414364944.961,957.330070986299
BEL,Belgium,Europe & Central Asia,High income,2013,23242.0,13818.20043945313,51869.0,0.2664057614269242,2.231692625419499,0,0,0,82.1702,43864.1204196838,34.3084525866565,524097026598.55,1260.55085185082
BEL,Belgium,Europe & Central Asia,High income,2014,22907.0,14751.20043945313,52279.0,0.2821630184099376,2.282228139869909,0,0,0,85.0012379539925,45147.6429534057,35.7819662752911,537987419164.351,1610.03731179171
BEL,Belgium,Europe & Central Asia,High income,2015,23686.0,14959.59997558594,52399.0,0.2854939975111345,2.212235075572068,0,0,0,85.0529417508701,46071.914889496,36.5492377831789,461044767544.531,2038.46021481266
BEL,Belgium,Europe & Central Asia,High income,2016,25235.0,16135.80041503906,55680.0,0.2897952660746958,2.206459282742223,0,0,0,86.5164766644457,48414.5518065681,37.6812994536783,474271566739.729,3047.27862045911
BEL,Belgium,Europe & Central Asia,High income,2017,27324.0,17831.19995117188,59361.0,0.3003857743496888,2.172485726833553,0,0,0,87.6796808175598,50256.0631772784,38.4911160919085,500908767351.53,8300.54404519041
BEL,Belgium,Europe & Central Asia,High income,2018,28818.0,19446.40002441406,66646.0,0.2917864541670026,2.3126518148379485,0,0,0,88.6473429951691,52466.7330784599,39.4006967604533,542638913427.921,13973.2427973124
BEL,Belgium,Europe & Central Asia,High income,2019,32683.0,21784.10009765625,70731.0,0.30798518468078,2.1641526175687664,0,0,0,90.275428012141,56712.469571978,39.9517850127817,536726344405.489,19655.5307781892
BEL,Belgium,Europe & Central Asia,High income,2020,32555.0,22200.09912109375,72826.0,0.3048375459464168,2.2370142835201965,0,0,0,91.52641629,56120.0958420466,41.0239697084264,529694473501.791,24215.3210215031
BEL,Belgium,Europe & Central Asia,High income,2021,35913.0,25078.59985351563,79390.0,0.3158911683274421,2.210620109709576,0,0,0,92.78867618,60669.2137746531,43.0218054966431,598522422241.851,28369.365438783
BEL,Belgium,Europe & Central Asia,High income,2022,39759.0,29517.65014648438,83889.0,0.3518655621891354,2.109937372670339,0,0,0,94.00783071,69128.1388883843,43.5657139519422,591085783326.267,30850.8151822613
BGR,Bulgaria,Europe & Central Asia,High income,2010,5211.0,942.6855621337892,28337.0,0.0332669499994279,5.4379197850700445,0,0,0,46.23,14954.2543206827,15.1221247609612,50689051382.4361,62.3343693999634
BGR,Bulgaria,Europe & Central Asia,High income,2011,5782.0,1093.583251953125,30294.0,0.0360990048178888,5.239363542026981,0,0,0,47.9799930506026,15747.3476582908,17.0296984088807,57681293006.9721,101.383607264129
BGR,Bulgaria,Europe & Central Asia,High income,2012,6312.0,1303.280090332034,33516.0,0.03888531120456,5.309885931558935,0,0,0,51.8999876658503,16327.3382758143,18.2006758494654,54297052002.2338,251.714781283261
BGR,Bulgaria,Europe & Central Asia,High income,2013,6942.0,1410.07841491699,37421.0,0.037681473368349,5.390521463555172,0,0,0,53.0615,16893.7689556096,19.5682074718498,55819262374.9039,327.23440835586
BGR,Bulgaria,Europe & Central Asia,High income,2014,7606.0,1651.874618530278,40602.0,0.040684562793219,5.338154088877202,0,0,0,55.4903766299262,17990.7621498811,20.5011345688189,57080897012.1077,648.752850752067
BGR,Bulgaria,Europe & Central Asia,High income,2015,8438.0,2117.567565917971,46721.0,0.0453236781301335,5.536975586631903,0,0,0,56.6562516053086,18896.102861651,22.4944225140811,50765918159.1476,698.717466862823
BGR,Bulgaria,Europe & Central Asia,High income,2016,9408.0,2425.262908935542,53143.0,0.0456365449623758,5.648703231292517,0,0,0,59.825547661014,20745.8472094399,23.8176881048635,53929397039.2106,4180.50752965671
BGR,Bulgaria,Europe & Central Asia,High income,2017,10271.0,2861.856384277344,59080.0,0.0484403585693524,5.75211761269594,0,0,0,63.4101013837926,22317.2548948063,25.3925159519229,59167647387.606,33602.2746046575
BGR,Bulgaria,Europe & Central Asia,High income,2018,10941.0,3371.048187255859,64566.0,0.0522108878861298,5.901288730463395,0,0,0,64.78201069118,23997.6876896184,27.103417988838,66097226262.2191,40013.7211699711
BGR,Bulgaria,Europe & Central Asia,High income,2019,11716.0,4109.437194824219,72128.0,0.0569742290764227,6.156367360874018,0,0,0,67.9469809417603,26765.7192049867,28.8836779290396,68507731353.9114,42421.4331982313
BGR,Bulgaria,Europe & Central Asia,High income,2020,12060.0,4656.528869628906,76882.0,0.0605672181996944,6.374958540630183,0,0,0,70.16248359,27351.8607448601,30.5042854761098,70486877546.4901,50889.4016757914
BGR,Bulgaria,Europe & Central Asia,High income,2021,12402.0,5754.920104980469,85507.0,0.0673034968479828,6.894613771972263,0,0,0,75.27144583,30959.1118459807,32.7688420838347,84374613233.36,55100.7245553879
BGR,Bulgaria,Europe & Central Asia,High income,2022,13355.0,7104.0499267578125,96348.0,0.0737332370859572,7.214376637963309,0,0,0,79.12686326,36320.1422295192,34.9667968772891,90506153293.6733,57819.5501165721
BIH,Bosnia and Herzegovina,Europe & Central Asia,Upper middle income,2011,61.0,27.96847534179684,481.0,0.058146518382114,7.885245901639344,0,0,0,43.88769913,9761.47624447272,11.4984026395866,18644233537.1093,17.638579100208
BIH,Bosnia and Herzegovina,Europe & Central Asia,Upper middle income,2012,404.0,254.8446426391599,3168.0,0.0804433846714519,7.841584158415841,0,0,0,45.0644989,10121.1905288877,12.7897151940553,17226735995.6905,33.2414833003779
BIH,Bosnia and Herzegovina,Europe & Central Asia,Upper middle income,2013,411.0,296.5038394927984,3265.0,0.0908128145460332,7.944038929440389,0,0,0,48.52130127,10808.2715682853,14.2931086481084,18179109209.3892,40.7105345293184
BIH,Bosnia and Herzegovina,Europe & Central Asia,Upper middle income,2014,582.0,379.2354545593264,3546.0,0.106947392712726,6.092783505154639,0,0,0,49.91770172,11167.8379494776,15.2154563374569,18558734107.1478,60.3114483191199
BIH,Bosnia and Herzegovina,Europe & Central Asia,Upper middle income,2015,666.0,401.53191375732473,4330.0,0.0927325435929156,6.501501501501502,0,0,0,52.59999847,11845.4522958172,18.0468836372803,16404348361.0926,80.1468563248233
BIH,Bosnia and Herzegovina,Europe & Central Asia,Upper middle income,2016,714.0,422.4592857360845,4584.0,0.0921595300471388,6.420168067226891,0,0,0,60.2565354318987,12899.3962262974,19.0747891666088,17116926553.8513,183.702691877894
BIH,Bosnia and Herzegovina,Europe & Central Asia,Upper middle income,2017,863.0,519.2728729248042,6028.0,0.0861434759331128,6.984936268829664,0,0,0,64.8920205128383,13627.0944831749,20.4261287573476,18326373135.6099,1465.28607785732
BIH,Bosnia and Herzegovina,Europe & Central Asia,Upper middle income,2018,1004.0,617.2599563598633,7022.0,0.0879037249159588,6.99402390438247,0,0,0,70.1201350394885,14858.5590469909,21.1504576321228,20484058033.1144,1898.73043991733
BIH,Bosnia and Herzegovina,Europe & Central Asia,Upper middle income,2019,1099.0,791.3287887573242,7986.0,0.0990895052288159,7.266606005459509,0,0,0,69.9463476317266,16428.8136580107,22.2950124838105,20482608984.3316,2620.80810441864
BIH,Bosnia and Herzegovina,Europe & Central Asia,Upper middle income,2020,1247.0,896.943672180176,9274.0,0.0967159448113193,7.437048917401764,0,0,0,73.21175294,16369.9353197836,23.3507882918721,20226038369.9191,3146.68136047445
BIH,Bosnia and Herzegovina,Europe & Central Asia,Upper middle income,2021,1669.0,1155.504341125491,11375.0,0.1015827992198233,6.815458358298383,0,0,0,75.67620138,18286.7373324233,24.5890868366952,23672712121.2671,3956.6619320677
BIH,Bosnia and Herzegovina,Europe & Central Asia,Upper middle income,2022,2244.0,1593.90364074707,13795.0,0.1155421269117122,6.147504456327986,0,0,0,78.8455371,21651.2952374862,27.3190356221695,24534663636.1778,4776.58214142403
BRA,Brazil,Latin America & Caribbean,Upper middle income,2010,50175.0,36984.7919921875,238194.0,0.1552717196578734,4.747264573991031,0,0,0,40.65,14451.7158388109,7.27968486054674,2208838108484.35,28.5438561636627
BRA,Brazil,Latin America & Caribbean,Upper middle income,2011,58403.0,65155.033203125,362122.0,0.1799256416432169,6.200400664349434,0,0,0,45.69,15211.7920390047,9.13182030910824,2616156606579.21,44.5964199126799
BRA,Brazil,Latin America & Caribbean,Upper middle income,2012,63033.0,75278.7197265625,402540.0,0.1870092903228561,6.386178668316596,0,0,0,48.56,15198.086330971,9.71151141846763,2465228293706.86,71.4103906694906
BRA,Brazil,Latin America & Caribbean,Upper middle income,2013,71433.0,86147.669921875,475382.0,0.1812177783800712,6.654935394005571,0,0,0,51.04,15722.3335243701,10.7622017659472,2472819362043.74,87.9491616360537
BRA,Brazil,Latin America & Caribbean,Upper middle income,2014,75294.0,94448.115234375,489843.0,0.192813034450579,6.505737508964858,0,0,0,54.5510018796392,15827.3081625749,11.9790772854396,2456043766032.38,113.841545053971
BRA,Brazil,Latin America & Caribbean,Upper middle income,2015,70077.0,104568.03125,502261.0,0.2081946064894546,7.167273142400503,0,0,0,58.3279517340924,14821.4383175183,12.6353840484725,1802211999456.42,161.164815967859
BRA,Brazil,Latin America & Caribbean,Upper middle income,2016,68089.0,110439.130859375,498463.0,0.2215593351148931,7.320756656728693,0,0,0,60.8725400681261,14309.2061488342,13.217709027651,1795693265999.04,415.986539467638
BRA,Brazil,Latin America & Caribbean,Upper middle income,2017,69332.0,123285.2890625,470095.0,0.2622561164498665,6.780346737437259,0,0,0,67.4712845236305,14559.0488897884,14.1218273097456,2063514688805.78,1605.82544177505
BRA,Brazil,Latin America & Caribbean,Upper middle income,2018,71360.0,142418.35546875,498889.0,0.2854710275607399,6.991157511210762,0,0,0,70.4342825404361,15463.7426393743,15.1537620986579,1916933708352.71,2069.60200203718
BRA,Brazil,Latin America & Caribbean,Upper middle income,2019,75499.0,155202.55078125,519057.0,0.2990086845592102,6.87501821216175,0,0,0,73.9124399133589,16069.838015161,15.8621991239093,1873288158838.63,2788.39613470957
BRA,Brazil,Latin America & Caribbean,Upper middle income,2020,78771.0,171804.62890625,542472.0,0.3167069063587613,6.886696880831778,0,0,0,81.34269353,16101.6183062954,17.418059685583,1476107292151.95,3144.86893520731
BRA,Brazil,Latin America & Caribbean,Upper middle income,2021,81702.0,216379.60546875,642081.0,0.3369973655485055,7.85881618565029,0,0,0,80.68989314,18075.7060048757,19.8363162401481,1670647464062.96,3546.59010881655
CRI,Costa Rica,Latin America & Caribbean,High income,2010,2596.0,279635.568359375,9034.45831298828,30.952112309529426,3.480145729194253,0,0,1,36.5,12927.564593015,8.69765814552448,37658616951.8038,104.039498134532
CRI,Costa Rica,Latin America & Caribbean,High income,2011,2817.0,296739.298828125,10087.5,29.416535199814128,3.580937167199148,0,0,1,39.2121959961842,13614.2603998924,9.10623009553708,42762613698.9636,138.616735139863
CRI,Costa Rica,Latin America & Caribbean,High income,2012,3091.0,335090.26171875,10741.625,31.19549060023507,3.475129407958589,0,0,1,47.5,14463.7404448087,9.61836080870784,47231655431.7355,164.453442094163
CRI,Costa Rica,Latin America & Caribbean,High income,2013,4145.0,371941.580078125,12017.0,30.951284020814263,2.899155609167672,0,0,1,45.96,15232.0771529497,10.2813377106354,50949668841.6696,274.376519646228
CRI,Costa Rica,Latin America & Caribbean,High income,2014,3800.0,423351.392578125,13039.16662597656,32.46767256848506,3.431359638414885,0,0,1,53.0,16393.8095428323,10.8312169257784,52016408854.2658,306.893954189102
CRI,Costa Rica,Latin America & Caribbean,High income,2015,4171.0,511617.1640625,14209.16638183594,36.00613507605328,3.40665700835194,0,0,1,59.7629501371681,17525.1404625145,11.5950932724067,56441920820.5194,314.858454831614
CRI,Costa Rica,Latin America & Caribbean,High income,2016,4652.0,590764.43359375,15523.83361816406,38.0553185588456,3.3370235636638137,0,0,1,65.8804491942718,19201.7453233396,13.131030668186,58847019609.6549,493.117112437687
CRI,Costa Rica,Latin America & Caribbean,High income,2017,5167.0,690818.5625,17609.33325195313,39.23025094793854,3.408038175334455,0,0,1,71.5816646195022,20499.3442130778,15.1437857826005,60516044656.5206,1170.11864217389
CRI,Costa Rica,Latin America & Caribbean,High income,2018,6061.0,803234.8125,20329.16674804688,39.51144788446239,3.3540944972854114,0,0,1,73.4797284369906,21498.0350746836,16.8377298238862,62420164991.5374,1216.05916151016
CRI,Costa Rica,Latin America & Caribbean,High income,2019,7971.0,962079.625,22997.33325195313,41.83439942621573,2.8851252354727297,0,0,1,81.2025964435269,23339.6091317787,18.0962978090241,64417670521.3545,1322.91826889324
CRI,Costa Rica,Latin America & Caribbean,High income,2020,9083.0,948425.5234375,24991.41723632813,37.950049589778594,2.751449657197856,0,0,1,80.53018608,22099.8678127394,19.7191477697087,62395610760.0492,1335.23494732158
CRI,Costa Rica,Latin America & Caribbean,High income,2021,9261.0,1549164.859375,33087.66723632813,46.82000844333071,3.572796375804787,0,0,1,82.74901607,23852.9253020002,20.9242986347003,64960725734.1965,1720.95269791154
CRI,Costa Rica,Latin America & Caribbean,High income,2022,8331.0,1894442.1875,39636.08203125,47.79589935267512,4.75766198910695,0,0,1,82.59801121,26226.2754815949,21.7575979999075,69243626028.5936,1892.8462847062
CYP,Cyprus,Europe & Central Asia,High income,2010,412.0,609.9999752044682,2227.0,0.2739110800199678,5.405339805825243,0,0,0,52.99,33502.1640625,23.1549178375804,25799940077.6075,272.207523213006
CYP,Cyprus,Europe & Central Asia,High income,2011,458.0,701.5999984741211,2380.0,0.2947899153252609,5.1965065502183405,0,0,0,56.8598923503507,33405.9765625,24.611252900232,27641549301.6561,398.60688203068
CYP,Cyprus,Europe & Central Asia,High income,2012,503.0,734.5999984741211,2627.0,0.2796345635607617,5.222664015904573,0,0,0,60.6898684001903,31924.099609375,25.5626376173369,25047436974.6819,1467.31113946578
CYP,Cyprus,Europe & Central Asia,High income,2013,542.0,779.5000114440916,2700.0,0.2887037079422561,4.981549815498155,0,0,0,65.4548,30415.7890625,26.6505813953488,23959712860.8331,947.719181177385
CYP,Cyprus,Europe & Central Asia,High income,2014,605.0,798.8999862670901,3032.0,0.2634894413809663,5.011570247933884,0,0,0,69.3286967086473,29892.7109375,28.3005343866171,23225918259.9824,2326.50829879489
CYP,Cyprus,Europe & Central Asia,High income,2015,684.0,1043.20001220703,3149.0,0.3312797752324642,4.603801169590644,0,0,0,71.7157409175171,31380.19921875,30.1736513081732,19909278416.8575,2263.21892051018
CYP,Cyprus,Europe & Central Asia,High income,2016,907.0,1317.2000007629397,3717.0,0.3543718054245196,4.098125689084895,0,0,0,75.9002054030125,35246.90234375,32.0132199103345,21046462280.5979,4304.3798782972
CYP,Cyprus,Europe & Central Asia,High income,2017,1136.0,1634.5000495910697,4320.0,0.3783564929608957,3.8028169014084505,0,0,0,80.743188971932,37768.1171875,33.6542226269064,22946570628.7576,16331.3467939646
CYP,Cyprus,Europe & Central Asia,High income,2018,1388.0,1844.3999519348197,5614.0,0.3285357947871071,4.044668587896253,0,0,0,84.4335825186889,40262.30859375,35.2355650415637,25754001367.5448,5963.46844390303
CYP,Cyprus,Europe & Central Asia,High income,2019,1679.0,2532.000049591069,6833.0,0.3705546684605692,4.069684335914235,0,0,0,86.0636299618935,44393.9921875,36.1884973404255,26196667099.5303,7658.52342984337
CYP,Cyprus,Europe & Central Asia,High income,2020,1856.0,2665.599952697759,7120.0,0.3743820158283369,3.836206896551724,0,0,0,90.80194644,42569.0546875,36.3127392017496,25555093854.2968,23168.4158228047
CYP,Cyprus,Europe & Central Asia,High income,2021,2192.0,3733.080047607427,8611.0,0.4335245671359223,3.928375912408759,0,0,0,90.75951564,47632.76953125,36.6502473650247,30372642502.4897,55321.8720892365
CYP,Cyprus,Europe & Central Asia,High income,2022,2927.0,5617.669845581055,11924.0,0.4711229323700985,4.073795695251111,0,0,0,89.60099194,55876.17578125,36.7656727425982,31218038929.0919,58909.2438615862
CZE,Czechia,Europe & Central Asia,High income,2010,24239.0,153408.140625,54214.0,2.8296775855867486,2.2366434258839063,0,0,1,68.82,28153.8518610007,21.6090542510609,211168667286.27,305.506467667391
CZE,Czechia,Europe & Central Asia,High income,2011,24633.0,165340.70703125,57256.0,2.887744638662324,2.324361628709455,0,0,1,70.49,29237.1870959847,23.9064110361087,231429378717.312,470.079900244739
CZE,Czechia,Europe & Central Asia,High income,2012,24739.0,165015.15625,59713.0,2.7634712081121364,2.4137192287481306,0,0,1,73.4300078241036,29465.6074011894,25.2869067180213,210363223087.728,834.666487802766
CZE,Czechia,Europe & Central Asia,High income,2013,24749.0,165469.216796875,61839.0,2.6758068014824787,2.498646409955958,0,0,1,74.1104,31013.0082933831,27.1727115258321,213024360541.119,1079.86553895505
CZE,Czechia,Europe & Central Asia,High income,2014,25723.0,173088.541015625,64422.0,2.686792415876952,2.504451269292073,0,0,1,74.2317116367383,32743.489773169,28.475360327904,210911285077.683,1417.62547116024
CZE,Czechia,Europe & Central Asia,High income,2015,27251.0,191795.90625,67716.0,2.832357290005316,2.48489963671058,0,0,1,75.668838699279,34093.0280593748,27.9980000790543,189107698561.919,2048.8222188023
CZE,Czechia,Europe & Central Asia,High income,2016,30218.0,204885.27734375,71963.0,2.847091940910607,2.381461380634059,0,0,1,76.4811986951838,36445.0485732064,29.14911847267,198160659303.939,11991.389254095
CZE,Czechia,Europe & Central Asia,High income,2017,34717.0,229728.56640625,77232.0,2.974525668197768,2.224616182273814,0,0,1,78.7191728513432,39346.030564257,29.8452606888193,221563575696.217,25419.9420488373
CZE,Czechia,Europe & Central Asia,High income,2018,38097.0,256716.203125,80468.0,3.190289346386141,2.1121873113368506,0,0,1,80.6881675434288,41638.1831076596,30.5512773467128,251992360762.236,42344.5953726121
CZE,Czechia,Europe & Central Asia,High income,2019,40592.0,288310.046875,85917.0,3.355681027910658,2.116599329917225,0,0,1,80.8669444139622,45614.0171132532,35.4302064212035,256794209028.77,56186.8725912141
CZE,Czechia,Europe & Central Asia,High income,2020,43664.0,307666.33984375,87819.0,3.5034142935327206,2.011244961524368,0,0,1,81.33889705,44839.4822099455,36.4490898642092,251109660602.536,67601.7572863652
CZE,Czechia,Europe & Central Asia,High income,2021,46572.0,339312.31640625,91135.0,3.72318336979481,1.9568624924847549,0,0,1,82.67062427,47796.0337408466,37.4984794433561,290972714482.313,75932.7348813586
CZE,Czechia,Europe & Central Asia,High income,2022,50246.0,388349.87890625,97509.0,3.982708046500836,1.9406320901166263,0,0,1,84.54009378,52946.9660854462,37.7136856539825,301831228325.556,85606.0624517083
DEU,Germany,Europe & Central Asia,High income,2010,67974.0,85544.1982421875,486465.0,0.1758486185895953,7.156633418660076,0,0,0,82.0,39726.098692395,32.3662636839336,3467093769666.67,1049.31794333683
DEU,Germany,Europe & Central Asia,High income,2011,74954.0,98303.3984375,533897.0,0.1841242757264041,7.122995437201483,0,0,0,81.26999953602,43398.3443992496,33.7098845809377,3823575803793.78,1471.90314571602
DEU,Germany,Europe & Central Asia,High income,2012,76185.0,105988.001953125,562360.0,0.1884700226778665,7.381505545711098,0,0,0,82.3499984738392,44229.3941921739,34.5501078335304,3596483233406.25,2194.9044898179
DEU,Germany,Europe & Central Asia,High income,2013,79734.0,112685.2001953125,616100.0,0.1829008281047111,7.72694208242406,0,0,0,84.17,45889.0173022052,35.3423024244517,3807023797050.99,2601.18328828955
DEU,Germany,Europe & Central Asia,High income,2014,92565.0,121223.3017578125,660788.0,0.1834526379985903,7.138637714038784,0,0,0,86.1937006578756,47938.7968210418,36.3409222955935,3964870735760.77,3352.78609576143
DEU,Germany,Europe & Central Asia,High income,2015,98031.0,126565.5986328125,681514.0,0.1857123971522412,6.952025379726821,0,0,0,87.5897993525767,48545.400721962,37.412701768023,3425099578746.09,4297.92588653237
DEU,Germany,Europe & Central Asia,High income,2016,100510.0,140123.30078125,718326.0,0.1950692314927345,7.146811262560939,0,0,0,84.1652066441212,51569.9016841199,38.4991067314054,3536787895179.0,11624.9602042748
DEU,Germany,Europe & Central Asia,High income,2017,107979.0,152361.005859375,773038.0,0.1970938115065171,7.159151316459682,0,0,0,84.3941537010844,54110.2536648812,39.9888046312857,3765351626105.89,34181.2784354313
DEU,Germany,Europe & Central Asia,High income,2018,106747.0,166266.60546875,841753.0,0.1975242208447727,7.885495611117877,0,0,0,87.037112092841,56273.0405627017,40.9651498488548,4055433215301.96,56406.6207107244
DEU,Germany,Europe & Central Asia,High income,2019,104240.0,173516.69921875,849831.0,0.2041778885669621,8.152638142747506,0,0,0,88.1345169091916,59270.7276496985,42.1155574684512,3959894794039.21,77970.0331298817
DEU,Germany,Europe & Central Asia,High income,2020,99598.0,172516.900390625,850995.0,0.2027237532425278,8.544298078274664,0,0,0,89.81294133,58685.872699771,43.3048696627,3941398957073.94,97517.56929049
DEU,Germany,Europe & Central Asia,High income,2021,107577.0,196486.482421875,922334.0,0.2130318110596324,8.573709993771903,0,0,0,91.43060973,62530.7653199239,44.0643361489671,4355251953410.78,113297.576359309
DEU,Germany,Europe & Central Asia,High income,2022,108665.0,215691.2734375,1014270.0,0.212656662858509,9.33391616435835,0,0,0,91.62984383,69048.9884036885,44.6186317766404,4201021706478.62,126884.076646738
DNK,Denmark,Europe & Central Asia,High income,2010,9565.0,71425.5673828125,46947.0,1.5214085539611155,4.908207004704653,0,0,0,88.72,43037.5989192487,38.076030356193,322345594075.47,1588.05036264689
DNK,Denmark,Europe & Central Asia,High income,2011,10279.0,74318.9873046875,58764.0,1.2647026632749216,5.716898530985504,0,0,0,89.8100133895232,44443.7163844726,38.4725380278661,344315595263.175,2368.15896105463
DNK,Denmark,Europe & Central Asia,High income,2012,10560.0,75890.7529296875,59559.0,1.2742113354772158,5.640056818181818,0,0,0,92.2600117153012,44755.1624273018,38.9767051263458,326792574244.963,3064.43340083969
DNK,Denmark,Europe & Central Asia,High income,2013,10897.0,76412.89404296875,59716.0,1.2796050311971456,5.480040378085712,0,0,0,94.6297,46869.1932887749,40.467787039522,344631016965.12,3458.45684328857
DNK,Denmark,Europe & Central Asia,High income,2014,11389.0,78583.28125,60049.0,1.3086526211926923,5.272543682500658,0,0,0,95.9935053764454,47879.5955558233,41.4926377539648,352832602064.452,4349.80220520158
DNK,Denmark,Europe & Central Asia,High income,2015,11417.0,83903.6708984375,62110.0,1.3508882772248834,5.440133134798984,0,0,0,96.3305016195436,48897.2099776611,42.3133095847231,301758922337.637,6004.944503221
DNK,Denmark,Europe & Central Asia,High income,2016,12167.0,88757.953125,56443.0,1.5725236632531936,4.639023588394839,0,0,0,96.9677852516645,51820.9521305491,42.9699132415221,312181849372.233,24041.3337267218
DNK,Denmark,Europe & Central Asia,High income,2017,12820.0,94281.28125,58843.0,1.6022514360246758,4.5899375975039005,0,0,0,97.0993621555621,55271.5976002659,43.5697797531659,331610593961.988,43757.82743392
DNK,Denmark,Europe & Central Asia,High income,2018,13103.0,97164.390625,62166.0,1.5629828302448283,4.744409677173167,0,0,0,97.3192043651002,57233.6231685618,43.7690892923223,355293374912.393,123154.440492982
DNK,Denmark,Europe & Central Asia,High income,2019,13379.0,105275.0,64598.0,1.6296944177838324,4.8283130278795126,0,0,0,98.0464347521549,60594.966400191,43.6229516711158,345401473012.615,277330.575592896
DNK,Denmark,Europe & Central Asia,High income,2020,13460.0,107239.8466796875,65706.0,1.6321164989451116,4.881575037147103,0,0,0,96.54914573,62682.2899474389,44.4185659681079,355631021931.621,277081.814259482
DNK,Denmark,Europe & Central Asia,High income,2021,13668.0,120951.501953125,68962.0,1.753886226517865,5.045507755340942,0,0,0,98.8658506,69715.1809680929,44.9598379722906,406110162088.054,259654.486554193
DNK,Denmark,Europe & Central Asia,High income,2022,14703.0,134503.94921875,74081.0,1.815633552715946,5.038495545126845,0,0,0,97.86011812,78913.6534913127,44.8863644064006,400114306337.077,258760.024712703
ESP,Spain,Europe & Central Asia,High income,2010,26395.0,23363.79956054688,207864.0,0.1123994513746819,7.875127865125971,0,0,0,65.8,31804.6746571689,22.7418123101281,1427989078916.67,207.055442100404
ESP,Spain,Europe & Central Asia,High income,2011,27405.0,24509.79956054688,212553.0,0.1153114731880842,7.755993431855501,0,0,0,67.0899993926581,32015.5752000401,23.7622851657887,1487568659241.25,265.003964148667
ESP,Spain,Europe & Central Asia,High income,2012,29918.0,25560.30078125,217645.0,0.1174403307277906,7.274717561334314,0,0,0,69.8099999420024,31869.7839822219,24.5107487138578,1330994811670.31,403.629824906669
ESP,Spain,Europe & Central Asia,High income,2013,30444.0,25640.99963378906,212007.0,0.1209441180422771,6.963835238470635,0,0,0,71.635,32613.6891811474,26.1458798389403,1362186923157.65,488.496776374025
ESP,Spain,Europe & Central Asia,High income,2014,32508.0,27241.39965820313,217139.0,0.1254560427109046,6.679555801648825,0,0,0,76.1867089778712,33760.9555646369,27.8358661570454,1380244561361.96,626.120125999734
ESP,Spain,Europe & Central Asia,High income,2015,34867.0,28942.80041503906,238122.0,0.1215460999615283,6.829437577078613,0,0,0,78.6896318703515,35228.6333036223,29.0099329346016,1206164777553.12,890.003238314135
ESP,Spain,Europe & Central Asia,High income,2016,40974.0,30981.099609375,252824.0,0.1225401845132384,6.170351930492507,0,0,0,80.5613329432179,37612.7188681342,30.1986308494311,1243015667917.12,2764.10124822262
ESP,Spain,Europe & Central Asia,High income,2017,44181.0,33975.69995117188,270807.0,0.1254609369446575,6.129490052284919,0,0,0,84.6022457016524,39825.2498116292,31.2964612808116,1321754088818.83,7250.46311851917
ESP,Spain,Europe & Central Asia,High income,2018,42667.0,34368.00048828125,288613.0,0.11907987681872,6.764314341294209,0,0,0,86.107235525659,41015.1565755187,32.2277444368856,1431642809327.06,11306.5682447896
ESP,Spain,Europe & Central Asia,High income,2019,43690.0,37515.20166015625,308720.0,0.121518533493639,7.066147859922179,0,0,0,90.718665325267,44042.757577336,32.9220023670648,1403496387686.27,17700.6267665434
ESP,Spain,Europe & Central Asia,High income,2020,46031.0,37257.79931640625,331622.0,0.1123502038960209,7.204318828615499,0,0,0,93.20564892,39327.8479269599,33.9527590155171,1289783836971.21,21589.3884182375
ESP,Spain,Europe & Central Asia,High income,2021,46400.0,39960.30834960938,345610.0,0.1156225466555058,7.448491379310345,0,0,0,93.89752157,44251.6658222621,34.9302420932073,1461244901852.69,24984.2229191447
ESP,Spain,Europe & Central Asia,High income,2022,48577.0,48980.1611328125,406593.0,0.1204648410887853,8.370072256417647,0,0,0,94.4855432,51398.9310403407,35.7846414290159,1448850658406.62,27046.3366105902
EST,Estonia,Europe & Central Asia,High income,2010,1783.0,375.4000053405766,7354.0,0.0510470499511254,4.12450925406618,0,0,0,74.1,21614.3068307361,26.1281702327091,19524355419.038,535.496348035074
EST,Estonia,Europe & Central Asia,High income,2011,2177.0,427.5000152587888,8115.0,0.0526802236917792,3.727606798346348,0,0,0,76.5,24652.3610297918,26.2887630917959,23303915794.7569,730.730376311077
EST,Estonia,Europe & Central Asia,High income,2012,2405.0,491.3000030517582,8809.0,0.0557725057386489,3.662785862785863,0,0,0,78.3899259259259,26242.5282659014,26.4254326274595,23237406116.3988,1255.76852126263
EST,Estonia,Europe & Central Asia,High income,2013,2790.0,644.400009155273,9416.0,0.0684367044557426,3.3749103942652328,0,0,0,80.0043,27831.1526234213,27.3877226142123,25451032780.7573,1613.81247453522
EST,Estonia,Europe & Central Asia,High income,2014,2950.0,743.199981689453,10307.0,0.0721063337236298,3.4938983050847456,0,0,0,84.2415280294352,29403.6584494815,28.2253745287009,27055689003.0038,2194.67572430004
EST,Estonia,Europe & Central Asia,High income,2015,3361.0,818.5,10948.0,0.0747625137011326,3.2573638797976794,0,0,0,88.4097035040431,29712.6299473728,29.6882797190881,23311847750.9394,3120.70712714772
EST,Estonia,Europe & Central Asia,High income,2016,3584.0,933.100006103515,11500.0,0.081139130965523,3.208705357142857,0,0,0,87.2402327514547,31947.7769107437,31.4989029896287,24561027787.7896,10786.6756853297
EST,Estonia,Europe & Central Asia,High income,2017,4206.0,206.5,2499.0,0.0826330532212885,0.594151212553495,0,0,0,88.1024568740199,34506.6486942506,32.5220031500844,27469461919.1189,29131.217625233
EST,Estonia,Europe & Central Asia,High income,2018,4610.0,1456.200027465818,14984.0,0.0971836644064213,3.2503253796095444,0,0,0,89.3570077747426,37120.9879761677,33.3725174267095,31222632740.7247,48893.4376316683
EST,Estonia,Europe & Central Asia,High income,2019,5244.0,1836.499969482424,17142.0,0.1071345216125553,3.2688787185354693,0,0,0,90.2289281997919,40586.3784378888,33.8508104327483,31873748770.0313,83313.1107289332
EST,Estonia,Europe & Central Asia,High income,2020,5836.0,2106.000030517576,19576.0,0.1075807126337135,3.3543522960932144,0,0,0,89.05828666,40672.1340402132,34.2700326171401,31820771493.8974,84354.3769866162
EST,Estonia,Europe & Central Asia,High income,2021,8433.0,2890.990020751958,21622.0,0.1337059486056774,2.5639748606664297,0,0,0,90.97970174,44251.5374983455,37.357189680638,37201101170.5847,96297.9325765704
EST,Estonia,Europe & Central Asia,High income,2022,10126.0,4323.519958496094,25018.0,0.1728163705530455,2.4706695634999014,0,0,0,91.52016546,48217.5523106028,39.7219150412824,38226641740.29,104101.301859375
FIN,Finland,Europe & Central Asia,High income,2010,5757.0,6382.900207519531,45609.0,0.1399482603766697,7.92235539343408,0,0,0,86.89,38946.228265358,29.0751116373162,249429613683.334,1017.4607223244
FIN,Finland,Europe & Central Asia,High income,2011,5989.0,6071.10009765625,43182.0,0.1405933050265446,7.210218734346301,0,0,0,88.70999491353,40845.9566729849,29.8056452931485,275126915515.565,1581.02634759344
FIN,Finland,Europe & Central Asia,High income,2012,6167.0,6656.5,45888.0,0.145059710599721,7.440895086752067,0,0,0,89.879997974222,40739.1131809421,30.4323757921866,257443384492.969,2205.22053036487
FIN,Finland,Europe & Central Asia,High income,2013,6424.0,7986.2001953125,48958.0,0.1631234975961538,7.621108343711083,1,1,0,91.5144,41325.8052072321,31.6268291557372,270268036626.275,2525.47724091979
FIN,Finland,Europe & Central Asia,High income,2014,6547.0,9315.900390625,52028.0,0.1790555160802837,7.9468458836108145,0,0,0,86.5303927529377,41547.0984485393,32.1970293411336,273478528954.901,3008.87373313471
FIN,Finland,Europe & Central Asia,High income,2015,6886.0,10394.80041503906,53229.0,0.195284533149957,7.730031948881789,0,0,0,86.4221333325445,42257.8593791297,31.5690938053918,233210733506.25,3395.18108392853
FIN,Finland,Europe & Central Asia,High income,2016,6995.0,11093.400390625,56597.0,0.1960068623889075,8.09106504646176,0,0,0,87.7036499599455,44562.4011072067,31.152937083259,238777818792.608,7131.36291119889
FIN,Finland,Europe & Central Asia,High income,2017,7359.0,12206.79956054688,61804.0,0.1975082447826496,8.39842369887213,0,0,0,87.4689290730615,47234.8528600939,31.0435197469463,253846138440.0,22324.1144951885
FIN,Finland,Europe & Central Asia,High income,2018,7513.0,11073.80004882813,63538.0,0.1742862546637938,8.457074404365766,0,0,0,88.8899599985585,49248.6775395866,31.491717515124,273869255596.078,33999.120663944
FIN,Finland,Europe & Central Asia,High income,2019,7921.0,11839.69982910156,66416.0,0.1782657767571302,8.384799899002651,0,0,0,89.6073851129779,52276.1115723992,32.5439773811208,267014821129.411,57692.6350775481
FIN,Finland,Europe & Central Asia,High income,2020,8381.0,12532.09985351563,69083.0,0.1814064220360382,8.24281112039136,0,0,0,92.17027106,53296.5792798852,33.3838974597133,270000311606.226,81650.5089118576
FIN,Finland,Europe & Central Asia,High income,2021,14616.0,13016.11962890625,66497.0,0.1957399526129938,4.549603174603175,0,0,0,92.80806082,56790.3766177692,33.6396818306917,294223210496.119,104960.876315666
FIN,Finland,Europe & Central Asia,High income,2022,15168.0,13700.53002929688,70284.0,0.194930994668728,4.63370253164557,0,0,0,92.98879471,62133.1375219912,34.2951599474189,280253099309.34,131286.012181913
FRA,France,Europe & Central Asia,High income,2010,70184.0,55898.6005859375,350028.0,0.1596975115874658,4.987290550552832,0,0,0,77.28,35907.5531031574,33.64535986777,2646230027988.34,278.057105310965
FRA,France,Europe & Central Asia,High income,2011,70682.0,59895.2001953125,363378.0,0.164828911478715,5.14102600379163,0,0,0,77.8199989926706,37510.3759898714,35.6937891818337,2870408553990.28,401.418225021017
FRA,France,Europe & Central Asia,High income,2012,83962.0,61096.798828125,369300.0,0.1654394769242485,4.398418332102618,0,0,0,81.44,37671.0239268565,37.4345529509644,2683007095787.23,622.48640329988
FRA,France,Europe & Central Asia,High income,2013,90869.0,61894.001953125,372289.0,0.1662525671000889,4.096985770724889,0,0,0,81.9198,39583.3520435045,38.7340855946258,2816077607875.26,821.359069250837
FRA,France,Europe & Central Asia,High income,2014,101549.0,62645.8984375,389841.0,0.1606960233466977,3.8389447458862223,0,0,0,83.7510996681821,40218.1258637776,40.142215573606,2861236112552.42,1188.96912080874
FRA,France,Europe & Central Asia,High income,2015,84477.0,65598.900390625,411620.0,0.1593676215699553,4.872568864898138,0,0,0,78.0060377071902,40905.1767750994,41.387117104083,2442483452642.5,1898.47153356589
FRA,France,Europe & Central Asia,High income,2016,85151.0,69034.7998046875,415144.0,0.1662912141442186,4.875386078848164,0,0,0,79.2698113207547,42880.2351355431,42.5277884451476,2470407619777.13,6688.01787132278
FRA,France,Europe & Central Asia,High income,2017,84467.0,81914.10009765625,454625.0,0.1801794888043029,5.382279470088911,0,0,0,80.5024597243607,44469.1458856805,43.6242593525939,2588868323334.71,14819.4761291503
FRA,France,Europe & Central Asia,High income,2018,89779.0,75901.8984375,423294.0,0.1793124836106819,4.714844228605799,0,0,0,82.0431867788484,46381.0590629457,44.4142292018123,2781576320884.39,20362.9338827691
FRA,France,Europe & Central Asia,High income,2019,97097.0,83370.603515625,444875.0,0.1874023119204833,4.581758447737829,0,0,0,83.3397440866883,51130.4723140578,45.2765022757908,2722793515171.76,29255.7243091748
FRA,France,Europe & Central Asia,High income,2020,100842.0,85680.001953125,482232.0,0.1776738208022798,4.7820550960909145,0,0,0,84.70639801,49481.8044309655,46.471240838575,2647926055110.05,36107.8390576723
FRA,France,Europe & Central Asia,High income,2021,109745.0,96196.6015625,508375.0,0.1892237060486845,4.632329491092988,0,0,0,86.09548575,52517.3354905855,47.6442336298287,2966433692008.09,39644.0530743928
FRA,France,Europe & Central Asia,High income,2022,127612.0,111619.4833984375,553796.0,0.2015534301411305,4.339685922953954,0,0,0,85.33331734,57042.9449013772,48.250226559098,2794788137066.94,47329.437557888
GBR,United Kingdom,Europe & Central Asia,High income,2010,111178.0,73635.443359375,473358.0,0.1555597314492942,4.257658889348612,0,0,0,85.0,36483.5682802621,30.3960911450969,2496740681057.14,1315.40196727977
GBR,United Kingdom,Europe & Central Asia,High income,2011,120182.0,77695.9169921875,568623.0,0.1366387166755258,4.731349120500574,0,0,0,85.3799985496322,37224.3787645256,32.4187258603211,2675590034128.66,1811.95314929256
GBR,United Kingdom,Europe & Central Asia,High income,2012,124485.0,80338.97265625,550679.0,0.1458907506119717,4.423657468771338,0,0,0,87.4799984242111,38336.5961844419,33.9047903389849,2719715961539.83,2500.1177190752
GBR,United Kingdom,Europe & Central Asia,High income,2013,135108.0,87382.4013671875,608561.0,0.1435885660881777,4.504255854575598,0,0,0,89.8441,39947.5369562562,35.7819878642114,2796908333283.39,2832.02107921857
GBR,United Kingdom,Europe & Central Asia,High income,2014,144056.0,92184.8974609375,603588.0,0.1527281812443877,4.189953906814017,0,0,0,91.6133009176453,41266.8197795309,36.5828488416012,3085362169410.29,3250.15475085113
GBR,United Kingdom,Europe & Central Asia,High income,2015,156889.0,98675.333984375,617816.0,0.1597163783138911,3.937917890992995,0,0,0,92.0002998740234,42515.278865824,37.7214944577347,2945579890258.46,4388.16678957719
GBR,United Kingdom,Europe & Central Asia,High income,2016,165590.0,105584.841796875,737765.0,0.1431144630022771,4.455371701189685,0,0,0,94.7758006318882,44085.2025586772,38.6588569366885,2706807606538.73,8697.02928041215
GBR,United Kingdom,Europe & Central Asia,High income,2017,169753.0,113233.9453125,778454.0,0.1454600340065052,4.585804080045714,0,0,0,90.4245504868553,46113.0211677324,39.2489467665261,2699118387873.1,21225.7223418124
GBR,United Kingdom,Europe & Central Asia,High income,2018,174258.0,128356.3828125,735622.0,0.1744868734383963,4.221453247483616,0,0,0,90.692008988783,47212.2045190522,39.8293995840604,2897028009916.05,27332.2874081673
GBR,United Kingdom,Europe & Central Asia,High income,2019,176642.0,138379.767578125,735622.0,0.1881126007353301,4.164479568845461,0,0,0,92.5166285497138,50064.9605582187,40.022769455921,2875710080015.3,36099.3681619667
GRC,Greece,Europe & Central Asia,High income,2010,6063.0,1343.599998474121,13596.0,0.0988231831769727,2.242454230578921,0,0,0,44.4,27838.73639086,20.2491669415812,296417644404.034,63.9311392394137
GRC,Greece,Europe & Central Asia,High income,2011,5948.0,1101.5,11922.0,0.092392216071129,2.004371217215871,0,0,0,51.6499951676815,25692.5740851321,22.183064232426,283228079776.041,92.8419069817744
GRC,Greece,Europe & Central Asia,High income,2012,5848.0,1073.199981689454,12576.0,0.0853371486712352,2.150478796169631,0,0,0,55.0699934418411,24582.9741957507,24.3424643325153,238841140018.233,162.335736922308
GRC,Greece,Europe & Central Asia,High income,2013,5852.0,1202.59997558594,14836.0,0.0810595831481491,2.5352016404647983,0,0,0,59.8663,25730.8809006664,26.5619364050644,236556279640.705,212.490211086681
GRC,Greece,Europe & Central Asia,High income,2014,12791.0,1965.200012207031,19224.0,0.1022263843220469,1.5029317488859355,0,0,0,63.2073404784561,26450.181326726,28.9729450556431,233911581521.062,277.808048593089
GRC,Greece,Europe & Central Asia,High income,2015,12668.0,1910.899963378911,18719.0,0.1020834426720931,1.4776602462898645,0,0,0,66.8349594911035,26607.7256796976,31.7813956931321,194567373678.099,409.948060615756
GRC,Greece,Europe & Central Asia,High income,2016,12235.0,1859.80004882813,20398.0,0.0911756078452853,1.6671843073150796,0,0,0,69.0879154723892,27504.5497984948,33.5485838991847,193097239005.87,1411.84492794199
GRC,Greece,Europe & Central Asia,High income,2017,10470.0,2209.799957275396,21845.0,0.1011581578061522,2.086437440305635,0,0,0,69.8929706543154,28681.6815585005,35.1351318678243,200381103984.298,3695.69375338864
GRC,Greece,Europe & Central Asia,High income,2018,10274.0,2215.5,24313.0,0.0911240899930078,2.3664590227759392,0,0,0,72.2383733920483,29792.0592519585,36.9203391643751,213298873494.394,5035.36701512231
GRC,Greece,Europe & Central Asia,High income,2019,10589.0,2393.69995117188,26084.0,0.0917688986034304,2.463310983095665,0,0,0,75.6712066931757,31927.3792151369,38.3565690069278,207305649887.019,6647.33991681452
GRC,Greece,Europe & Central Asia,High income,2020,11417.0,2518.1998901367188,28293.0,0.0890043434820174,2.478146623456249,0,0,0,78.11584474,29533.087740299,39.7876360746134,191362985554.861,8907.70838312568
GRC,Greece,Europe & Central Asia,High income,2021,13617.0,2980.409973144536,32242.0,0.0924387436618242,2.367775574649335,0,0,0,78.49426371,33531.15511226,41.9213046741732,218303801895.326,11384.3924146816
GRC,Greece,Europe & Central Asia,High income,2022,16072.0,4016.65991210938,42183.0,0.0952198732216622,2.6246266799402687,0,0,0,83.17066333,39612.4406377916,42.923040428409,217990189600.69,13068.1749587664
HRV,Croatia,Europe & Central Asia,High income,2010,3472.0,687.900024414063,9906.0,0.0694427644270202,2.853110599078341,0,0,0,56.55,20139.2955371548,19.4799756808943,58975205417.3439,117.799697212873
HRV,Croatia,Europe & Central Asia,High income,2011,3539.0,858.3000259399419,12524.0,0.0685324198291234,3.5388527832721106,0,0,0,57.7899789891444,21190.7130553097,20.8566154553422,62889007657.3899,172.638462354303
HRV,Croatia,Europe & Central Asia,High income,2012,3636.0,838.9999771118169,13065.0,0.0642173729132657,3.5932343234323434,0,0,0,61.9399731527956,21618.825625842,21.581851768721,57548115904.416,313.587934187845
HRV,Croatia,Europe & Central Asia,High income,2013,3894.0,916.0000152587888,14373.0,0.0637306070589848,3.6910631741140216,0,0,0,66.7476,22429.8502256715,22.5042534905966,59846265181.8502,398.920905959061
HRV,Croatia,Europe & Central Asia,High income,2014,4073.0,850.199989318848,15333.0,0.0554490308040727,3.76454701694083,0,0,0,68.5678992528467,22706.1799469484,23.3319089868678,59606934500.9957,505.045937283862
HRV,Croatia,Europe & Central Asia,High income,2015,4328.0,969.1999740600588,16282.0,0.0595258551811852,3.762014787430684,0,0,0,69.8450359238281,23749.636747943,23.5726310188829,50998893384.8289,643.587906231747
HRV,Croatia,Europe & Central Asia,High income,2016,4562.0,1071.89998626709,17205.0,0.0623016556970119,3.7713722051731695,0,0,0,72.6972696701463,25802.6823323622,25.2341141328155,52650714171.8617,1752.91773510075
HRV,Croatia,Europe & Central Asia,High income,2017,4844.0,1331.100006103516,19554.0,0.0680730288484973,4.036746490503716,0,0,0,67.0961920368478,27887.7588440919,26.865096097274,56182782585.9052,14908.4217451991
HRV,Croatia,Europe & Central Asia,High income,2018,5310.0,1591.799972534182,21783.0,0.0730753327151532,4.1022598870056495,0,0,0,75.2946259897258,29789.1305400916,28.0156020023514,61667925219.0755,20040.4886211932
HRV,Croatia,Europe & Central Asia,High income,2019,8365.0,1909.499954223638,24461.0,0.0780630372521008,2.924208009563658,0,0,0,79.0797836757554,33063.9101734438,28.9682951804841,61466721186.3116,23423.1109107989
HRV,Croatia,Europe & Central Asia,High income,2020,8917.0,2015.299957275396,26361.0,0.0764500571782328,2.956263317259168,0,0,0,78.32090004,31594.0111922141,26.0744550144438,57959843541.3699,23114.2663416284
HRV,Croatia,Europe & Central Asia,High income,2021,10033.0,2636.169891357427,32935.0,0.0800415937864711,3.2826671982457887,0,0,0,81.25396608,36930.2841941405,26.7157501000099,69002365163.3368,25479.3720309535
HRV,Croatia,Europe & Central Asia,High income,2022,10970.0,3111.100006103516,37200.0,0.0836317205941805,3.391066545123063,0,0,0,82.07155532,42125.0726930931,27.6606739600213,71196498671.1145,29826.9470627582
HUN,Hungary,Europe & Central Asia,High income,2010,24338.0,974951.3125,43894.0,22.21149388299084,1.803517133700386,0,0,1,65.0,21690.9866477738,21.639373536508,131898737241.166,167.699614290887
HUN,Hungary,Europe & Central Asia,High income,2011,24632.0,1048559.40625,45396.0,23.098057235218963,1.842968496265021,0,0,1,68.0199878861296,22992.2184657584,23.2549245597223,141712804953.868,217.815830698133
HUN,Hungary,Europe & Central Asia,High income,2012,24081.0,1114422.421875,50256.0,22.17491288353629,2.0869565217391304,0,0,1,70.579998153838,23205.310668404,24.1618038721448,128470269689.958,393.130815185978
HUN,Hungary,Europe & Central Asia,High income,2013,22909.0,1201314.15625,51941.0,23.12843719316147,2.2672748701383734,0,0,1,72.6439,24591.6380503055,26.2621916555453,135646053778.582,516.472944576447
HUN,Hungary,Europe & Central Asia,High income,2014,25437.0,1295408.953125,56724.0,22.837052272847476,2.229979950465857,0,0,1,75.6531974544103,25796.2100959256,26.164233392363,141128696412.321,670.393015871595
HUN,Hungary,Europe & Central Asia,High income,2015,27176.0,1461557.0,59849.0,24.42074220120637,2.202274065351781,0,0,1,72.8347370323805,26937.7320818864,27.6322359587573,125244126623.289,930.825479918614
HUN,Hungary,Europe & Central Asia,High income,2016,28603.0,1527582.140625,63445.0,24.077265988257547,2.218123973009824,0,0,1,79.2594121273057,28178.9450366919,28.6887907811727,128983560865.293,4148.87463875886
HUN,Hungary,Europe & Central Asia,High income,2017,30679.0,1827560.28125,67267.0,27.16874962834674,2.1926073209687407,0,0,1,76.7505471201922,29728.0121568801,30.2136178819417,143335098991.862,13712.8966738756
HUN,Hungary,Europe & Central Asia,High income,2018,33721.0,2002087.15625,67666.0,29.58778642523572,2.0066427448770794,0,0,1,76.0743606365063,32258.2577892511,31.5062908247816,161184691013.835,19379.9008629269
HUN,Hungary,Europe & Central Asia,High income,2019,37360.0,2234973.5625,69544.0,32.13754691274589,1.861456102783726,0,0,1,80.3716936050482,35627.2315520858,32.6466329851573,164936682033.992,26447.1020825133
HUN,Hungary,Europe & Central Asia,High income,2020,39063.0,2504693.5,72236.0,34.6737568525389,1.849217930010496,0,0,1,84.77115202,35583.5855675637,33.4922037196533,158468487754.196,33083.571663234
HUN,Hungary,Europe & Central Asia,High income,2021,43709.0,2848129.5,78739.0,36.17177637511272,1.80143677503489,0,0,1,88.64083466,38887.1909527154,34.8391868436369,183282685440.486,42102.778838019
HUN,Hungary,Europe & Central Asia,High income,2022,44639.0,3284918.65625,83048.0,39.554458340357385,1.86043594166536,0,0,1,89.14282688,44365.9108128343,36.5338104764554,177002580544.155,51406.6835924429
IRL,Ireland,Europe & Central Asia,High income,2010,7654.0,30585.099609375,29705.0,1.0296279956025922,3.8809772667886073,0,0,0,69.85,43212.2040003212,22.3721452573765,221732824603.484,959.397213471911
IRL,Ireland,Europe & Central Asia,High income,2011,7619.0,28823.900390625,29705.0,0.9703383400311396,3.8988056175351096,0,0,0,74.8899729670944,45525.7181239042,23.3814204815178,240975871046.644,1508.05094404382
IRL,Ireland,Europe & Central Asia,High income,2012,8609.0,47855.798828125,36893.0,1.2971511893346976,4.285399001045418,0,0,0,76.919992540097,46726.2157665366,24.1750019347271,226921827888.137,2466.77217013119
IRL,Ireland,Europe & Central Asia,High income,2013,8965.0,52785.998046875,40993.0,1.2876832153507916,4.572559955382041,0,0,0,78.2477,48838.7719825525,25.7144376937159,242924245718.756,2641.75737096805
IRL,Ireland,Europe & Central Asia,High income,2014,9131.0,57681.298828125,46179.0,1.2490807256139154,5.057386923666631,0,0,0,83.4917223351728,52640.7843918553,27.0221858517779,266490442124.309,2807.79949074014
IRL,Ireland,Europe & Central Asia,High income,2015,9074.0,51484.5,44388.0,1.159874290348743,4.891778708397619,0,0,0,83.4947916666667,71588.2656638378,27.8462651784045,302101388556.271,3194.41458099255
IRL,Ireland,Europe & Central Asia,High income,2016,9253.0,45969.8984375,50191.0,0.9158992336773524,5.424294823300551,0,0,0,83.5,73012.8198720374,28.6147710435862,305431252708.748,11725.2277164193
IRL,Ireland,Europe & Central Asia,High income,2017,9986.0,48145.80078125,55100.0,0.8737894878629764,5.517724814740637,0,0,0,84.1140070623844,80450.3529336506,29.0794615926246,348355212568.515,38437.1028566871
IRL,Ireland,Europe & Central Asia,High income,2018,10104.0,56837.19921875,59639.0,0.9530206612912692,5.902513855898654,0,0,0,87.0001401148942,86299.3420216976,29.3513301848147,395780319816.603,69157.3047242336
IRL,Ireland,Europe & Central Asia,High income,2019,10443.0,74745.6015625,66160.0,1.129770277546856,6.335344249736666,0,0,0,87.0000552425146,92022.59879983,29.6453160652366,407211793800.713,94607.6886844775
IRL,Ireland,Europe & Central Asia,High income,2020,10927.0,83011.8984375,70143.0,1.1834666101749285,6.419236752997163,0,0,0,91.99989097,97799.9225748607,30.4353384554187,436009027818.948,114566.465340423
IRL,Ireland,Europe & Central Asia,High income,2021,12623.0,108681.046875,89270.0,1.2174419947910833,7.072011407747762,0,0,0,93.50610352,116903.61243517,31.3616427884193,530394123829.763,113930.009969504
IRL,Ireland,Europe & Central Asia,High income,2022,13062.0,122430.703125,101118.0,1.210770615765739,7.741387230133211,0,0,0,95.03690338,138522.517800204,31.5362809040128,548341794599.09,134764.070843587
ISL,Iceland,Europe & Central Asia,High income,2015,998.0,81181.869140625,4086.0,19.868298859673278,4.094188376753507,0,0,1,98.19999695,49201.0640964553,37.5994101863714,17700486957.1907,7611.50491966809
ISL,Iceland,Europe & Central Asia,High income,2016,1114.0,93940.4853515625,4453.0,21.095999405246463,3.997307001795332,0,0,1,98.23999786,53480.3971946764,38.150452657238,21083713310.457,35663.7123292163
ISL,Iceland,Europe & Central Asia,High income,2017,1148.0,100578.576171875,4460.0,22.55125026275224,3.8850174216027873,0,0,1,98.2552011867973,55638.4920591794,39.1883119718453,25060086487.8901,57638.322655795
ISL,Iceland,Europe & Central Asia,High income,2018,1157.0,117236.763671875,4379.0,26.77249684217287,3.7847882454624022,0,0,1,99.0109539916991,57197.7676247175,39.1065426493677,26677652544.3499,64762.2341737521
ISL,Iceland,Europe & Central Asia,High income,2019,1197.0,145091.228515625,5011.0,28.954545702579324,4.186299081035923,0,0,1,99.5049411693787,60523.8179440825,38.6029941779872,24985687022.0452,70905.7779084376
ISL,Iceland,Europe & Central Asia,High income,2020,1266.0,154126.22265625,5118.0,30.11454135526573,4.042654028436019,0,0,1,99.5327519,55796.7454667632,38.6826471438625,22034665040.7901,75513.7626445235
ISL,Iceland,Europe & Central Asia,High income,2021,1407.0,170604.9375,5304.0,32.16533512443439,3.769722814498934,0,0,1,99.68701957,61610.2132740715,38.4077027940877,26234872402.457,78946.0968538602
ISL,Iceland,Europe & Central Asia,High income,2022,1416.0,197195.8515625,5852.0,33.69717217404306,4.132768361581921,0,0,1,97.58339691,75332.8528345867,37.4212579793667,29166102877.2755,85331.790588032
ITA,Italy,Europe & Central Asia,High income,2010,80345.0,39189.298828125,272105.0,0.144022707514103,3.3867073246623933,0,0,0,53.68,34974.1045135807,21.7704634480966,2144936254535.0,125.912314710843
ITA,Italy,Europe & Central Asia,High income,2011,78290.0,43045.2001953125,269818.0,0.1595342052617412,3.4463916208966663,0,0,0,54.3899983018814,36392.2827759493,22.393878996579,2306974020278.21,188.349075374465
ITA,Italy,Europe & Central Asia,High income,2012,78330.0,43404.1982421875,283278.0,0.1532212111148324,3.616468785905784,0,0,0,55.829997993283,36281.1014243506,22.7375144996784,2097929495121.68,300.010398521898
ITA,Italy,Europe & Central Asia,High income,2013,77735.0,43075.6005859375,288833.0,0.1491367003975913,3.71561072875796,0,0,0,58.4593,36459.2950248716,23.1031860985354,2153225581941.46,374.504989611205
ITA,Italy,Europe & Central Asia,High income,2014,79115.0,44421.9990234375,289558.0,0.1534131297475376,3.659963344498515,0,0,0,55.6384602242293,36665.68576775,23.7083714537202,2173255507985.84,496.89404336723
ITA,Italy,Europe & Central Asia,High income,2015,80648.0,46400.298828125,300366.0,0.1544791981386874,3.7244073008630094,0,0,0,58.1417349568747,37384.3796455406,24.5977602494059,1845428048839.1,633.243402476241
ITA,Italy,Europe & Central Asia,High income,2016,82694.0,48603.7001953125,320563.0,0.1516198070123891,3.876496481002249,0,0,0,61.3242527666303,40482.562999856,25.7337403103573,1887111188176.93,1316.22234853891
ITA,Italy,Europe & Central Asia,High income,2017,83505.0,50109.80078125,328799.0,0.1524025340139416,3.9374767977965393,0,0,0,63.0773469984291,42142.3435406885,27.4652917045411,1970720904584.71,7813.04008389552
ITA,Italy,Europe & Central Asia,High income,2018,87148.0,51106.6015625,333573.0,0.1532096469513419,3.8276609904989214,0,0,0,74.3871829234822,43386.7005868803,28.4648521996575,2099435266458.67,12313.6246863563
ITA,Italy,Europe & Central Asia,High income,2019,86639.0,51791.501953125,340063.0,0.1522997266774833,3.925056845069773,0,0,0,67.8507102874836,46661.9105159611,29.0544644701951,2019606796583.53,15313.1771774623
ITA,Italy,Europe & Central Asia,High income,2020,89438.0,53443.498046875,358678.0,0.1490013272263004,4.01035354100047,0,0,0,70.48342785,44435.6434393527,30.2586365187027,1907481094079.23,20677.1830094764
ITA,Italy,Europe & Central Asia,High income,2021,93699.0,59352.400390625,377282.0,0.1573157489374659,4.026531766614371,0,0,0,74.8623274,49825.3934111848,31.2852927413407,2179207773596.09,24823.3931231798
ITA,Italy,Europe & Central Asia,High income,2022,97459.0,64739.669921875,400111.0,0.1618042741186195,4.105428949609579,0,0,0,85.06074504,57260.8945372493,31.19136706407,2104067630319.46,28070.9043211973
LTU,Lithuania,Europe & Central Asia,High income,2010,1237.0,376.4000129699705,9528.0,0.0395046193293419,7.70250606305578,0,0,0,62.12,18718.9043711358,21.9297095928618,36638128534.0643,177.252184334523
LTU,Lithuania,Europe & Central Asia,High income,2011,1347.0,462.299987792969,10847.0,0.0426200781592116,8.052709725315516,0,0,0,63.6399774002179,21557.6567458052,24.0272372898481,43186501862.7907,249.990505644601
LTU,Lithuania,Europe & Central Asia,High income,2012,1868.0,505.9000091552738,12117.0,0.041751259317923,6.486616702355461,0,0,0,67.2299893276414,23275.2517553588,25.7287935833036,42709372066.8627,449.62780252106
LTU,Lithuania,Europe & Central Asia,High income,2013,2349.0,580.6999969482417,13736.0,0.0422757714726442,5.84759472115794,0,0,0,68.4529,24889.8726227818,28.2656607039035,46303660422.0434,635.542422963276
LTU,Lithuania,Europe & Central Asia,High income,2014,3549.0,677.200027465821,15400.0,0.0439740277575208,4.339250493096647,0,0,0,72.1335378644566,26274.7488764946,27.337779493026,48306546656.9281,751.722783158277
LTU,Lithuania,Europe & Central Asia,High income,2015,4371.0,848.399978637696,17618.0,0.0481552945077588,4.030656600320293,0,0,0,71.3780590101754,26948.5919371645,28.6774149586821,41540954817.2039,1182.71078135515
LTU,Lithuania,Europe & Central Asia,High income,2016,4773.0,936.100006103516,19517.0,0.0479633143466473,4.089042530902996,0,0,0,74.3766455618662,28698.9887868061,29.8964138705034,42970749245.0336,4363.77538164788
LTU,Lithuania,Europe & Central Asia,High income,2017,5211.0,1106.5,20615.0,0.0536745088527771,3.956054500095951,0,0,0,77.6152565124514,31305.0436934372,28.2319064734089,47756764508.446,12992.8562860075
LTU,Lithuania,Europe & Central Asia,High income,2018,5847.0,1328.600006103516,22098.0,0.0601230883384702,3.779374037968189,0,0,0,79.7225827680518,36491.9385223689,28.1444849879285,54261795148.5372,18152.6674233825
LTU,Lithuania,Europe & Central Asia,High income,2019,6636.0,1649.5,23650.0,0.0697463002114164,3.563893911995178,0,0,0,81.5818683764046,40563.8304884555,28.2791627222047,55122066225.796,31265.1075793047
LTU,Lithuania,Europe & Central Asia,High income,2020,7445.0,2032.000061035161,25578.0,0.0794432739477348,3.435594358629953,0,0,0,83.05554724,41262.7276941725,28.4988545174577,57412038533.2718,46868.5784678097
LTU,Lithuania,Europe & Central Asia,High income,2021,8523.0,2602.7900390625027,29485.0,0.0882750564375954,3.4594626305291563,0,0,0,86.93054425,45873.5273239486,28.712701575387,67037321008.9679,53718.8699534963
LTU,Lithuania,Europe & Central Asia,High income,2022,9638.0,3502.880004882813,34599.0,0.1012422325755892,3.589852666528325,0,0,0,87.72420219,50936.0049547442,28.4400438919259,71033884499.7824,66487.2888104734
LUX,Luxembourg,Europe & Central Asia,High income,2010,1372.0,2006.500045776372,8350.0,0.240299406679805,6.08600583090379,1,1,0,90.62,90336.0184704033,33.1818450562661,56213985987.4168,1195.37708623876
LUX,Luxembourg,Europe & Central Asia,High income,2011,1429.0,2006.500045776372,8350.0,0.240299406679805,5.843247025892232,0,0,0,90.0298585646936,94475.0302265023,32.7339447418355,61696281326.2453,1543.36766683322
LUX,Luxembourg,Europe & Central Asia,High income,2012,1496.0,3381.00000000001,8702.0,0.3885313720983693,5.816844919786096,0,0,0,91.9499237417387,96636.426643956,31.9617588949556,59776383527.3602,2320.38663065547
LUX,Luxembourg,Europe & Central Asia,High income,2013,1610.0,1996.09997558594,8288.0,0.2408421785214696,5.147826086956521,0,0,0,93.7765,100925.011992241,32.4834270107517,65203276466.9763,3248.30683156655
LUX,Luxembourg,Europe & Central Asia,High income,2014,1684.0,2009.59997558594,8536.0,0.2354264263807333,5.068883610451306,0,0,0,94.6702052774766,105296.284588232,33.580271770101,68804811897.6445,4513.59741443309
LUX,Luxembourg,Europe & Central Asia,High income,2015,1828.0,2177.39990234375,8638.0,0.2520722276387763,4.725382932166302,0,0,0,96.3767141704759,107859.685999308,34.2910720305652,60071584216.1375,5500.31249780549
LUX,Luxembourg,Europe & Central Asia,High income,2016,1881.0,2337.5,9195.0,0.2542142468733007,4.88835725677831,0,0,0,98.1366986657616,113365.176082265,34.8068400324932,62216885435.9488,11473.9507984344
LUX,Luxembourg,Europe & Central Asia,High income,2017,1992.0,2646.0,10100.0,0.261980198019802,5.070281124497992,0,0,0,97.3629603241751,114985.842235989,35.9768313229784,65712180342.9836,43014.3409084811
LUX,Luxembourg,Europe & Central Asia,High income,2018,2097.0,2652.5,10752.0,0.2466982886904762,5.127324749642346,0,0,0,97.061298705829,116638.414163882,36.8853200372964,71085623495.1145,43151.5749650465
LUX,Luxembourg,Europe & Central Asia,High income,2019,2277.0,2802.0,11384.0,0.2461349262122276,4.999560825647782,0,0,0,97.120635693272,121371.73990307,37.3611453762962,69872035113.6469,39864.4518315293
LUX,Luxembourg,Europe & Central Asia,High income,2020,2267.0,2802.0,11384.0,0.2461349262122276,5.021614468460521,1,1,0,98.45962893,122066.739147202,37.2960860898482,73670782100.3909,44903.4689627058
LUX,Luxembourg,Europe & Central Asia,High income,2021,2626.0,2802.0,11384.0,0.2461349262122276,4.335110434120336,0,1,0,98.66086333,136772.443753292,38.0399641403524,86386759695.1653,49199.7675232477
LUX,Luxembourg,Europe & Central Asia,High income,2022,2650.0,2802.0,11384.0,0.2461349262122276,4.295849056603774,0,1,0,98.24203749,146919.145398494,38.3269581349215,80801680397.0139,63898.0375224122
LVA,Latvia,Europe & Central Asia,High income,2010,2022.0,330.79999542236305,8006.0,0.0413190101701677,3.95944609297725,0,0,0,68.42,16373.4037320495,20.7297918659797,23468324572.3343,227.407624591489
LVA,Latvia,Europe & Central Asia,High income,2011,2375.0,417.400009155274,9212.0,0.0453104656052186,3.8787368421052633,0,0,0,69.7499545592245,17680.4939630507,22.2055874415821,26575547900.8247,326.745185849069
LVA,Latvia,Europe & Central Asia,High income,2012,3179.0,562.599990844727,12054.0,0.0466733027082069,3.791758414595785,0,0,0,73.1199437663748,19416.5167382125,23.4018125136081,27116149948.6683,560.875654211557
LVA,Latvia,Europe & Central Asia,High income,2013,3778.0,673.600006103516,14125.0,0.0476884960073285,3.738750661725781,0,0,0,75.2344,20473.5243706913,24.6397186303098,29152128167.8438,710.507108300661
LVA,Latvia,Europe & Central Asia,High income,2014,4095.0,688.399993896485,16817.0,0.0409347680261928,4.106715506715506,0,0,0,75.8261041383556,21553.6623204436,25.3240856124593,30277203767.4058,914.844250775662
LVA,Latvia,Europe & Central Asia,High income,2015,4739.0,778.7999725341799,18094.0,0.0430418908220504,3.818105085461068,0,0,0,79.2005829239344,22543.9183164105,25.4568684345307,26344565876.8902,1312.75072350466
LVA,Latvia,Europe & Central Asia,High income,2016,5177.0,875.599975585938,20379.0,0.0429657969275203,3.936449681282596,0,0,0,79.8420977843089,24063.4511245109,26.4893005276389,27117105059.5075,2938.44923571231
LVA,Latvia,Europe & Central Asia,High income,2017,5252.0,1019.099975585938,22452.0,0.0453901645994093,4.274942878903275,0,0,0,80.1140770037369,25763.9907709703,27.0886247975645,29391059767.4259,11948.0107586673
LVA,Latvia,Europe & Central Asia,High income,2018,5687.0,1192.700012207031,24462.0,0.0487572566514197,4.301389133110603,0,0,0,83.5771748630956,29817.8047263182,27.2877295355647,33247935477.3576,14504.1392214714
LVA,Latvia,Europe & Central Asia,High income,2019,5878.0,1356.799987792968,25460.0,0.0532914370696374,4.331405239877509,0,0,0,86.13545644343,32199.0960377091,26.5858975490829,33099503950.847,19857.6461133794
LVA,Latvia,Europe & Central Asia,High income,2020,6084.0,1366.5,26633.0,0.0513085270153568,4.377547666009204,0,0,0,88.89796078,32741.4207691987,25.804169430384,33379927434.6149,20328.8801751586
LVA,Latvia,Europe & Central Asia,High income,2021,5889.0,1598.209991455076,28346.0,0.0563822053007505,4.813380879606045,0,0,0,91.17964988,36912.0130602161,25.9761549056076,38183326784.9335,22572.6854480523
LVA,Latvia,Europe & Central Asia,High income,2022,6172.0,1950.760009765628,29963.0,0.0651056306032649,4.854666234607906,0,0,0,91.03009059,40558.7495841122,25.989241189689,38003198508.9107,22271.1389855075
MKD,North Macedonia,Europe & Central Asia,Upper middle income,2011,545.0,5359.193603515625,2416.0,2.2182092729783216,4.43302752293578,0,0,0,56.7,12420.8114553395,13.7991890008361,10494626767.6445,23.7431854476984
MKD,North Macedonia,Europe & Central Asia,Upper middle income,2012,623.0,5820.889526367188,2710.0,2.1479297145266374,4.34991974317817,0,0,0,57.449947312961,12725.9772893634,15.4034279276413,9745261300.57788,48.70918079967
MKD,North Macedonia,Europe & Central Asia,Upper middle income,2013,699.0,5388.6875,3843.0,1.4022085610200363,5.497854077253219,0,0,0,65.24,13662.7566550362,16.8126639116268,10817702346.0674,70.2131776091737
MKD,North Macedonia,Europe & Central Asia,Upper middle income,2014,736.0,6298.013671875,4351.0,1.4474864794012872,5.911684782608695,0,0,0,68.0584815397496,14485.1215168988,17.7239038498213,11362265252.778,105.86386741046
MKD,North Macedonia,Europe & Central Asia,Upper middle income,2015,868.0,8483.83459472656,5195.0,1.6330769191003969,5.985023041474655,0,0,0,70.3802030766689,15034.1677602787,18.4016994838328,10064519962.5655,124.971894396135
MKD,North Macedonia,Europe & Central Asia,Upper middle income,2016,943.0,9812.16284179688,5909.0,1.6605454123873549,6.266171792152704,0,0,0,72.1568144676058,16457.5652245258,19.4533715332855,10672467073.2873,509.360215242722
MKD,North Macedonia,Europe & Central Asia,Upper middle income,2017,1010.0,12247.20764160156,7121.0,1.7198718777701951,7.05049504950495,0,0,0,74.5168241807954,17161.049071447,20.4183259234605,11307067069.6658,546.175533548187
MKD,North Macedonia,Europe & Central Asia,Upper middle income,2018,1165.0,14996.50366210938,8276.0,1.812047325049466,7.103862660944206,0,0,0,79.1677551850871,18460.4624451227,22.2929498345599,12683068114.2388,512.426609975062
MKD,North Macedonia,Europe & Central Asia,Upper middle income,2019,1311.0,17529.70690917969,9655.0,1.8156092086151931,7.364607170099161,1,1,0,81.4128827618364,20222.5954834227,23.9402500262168,12606338448.547,766.417483272592
MKD,North Macedonia,Europe & Central Asia,Upper middle income,2020,1449.5,20062.91015625,11434.5,1.75459444280467,7.888582269748189,0,0,0,81.40553811,19962.1482468276,25.4041233643961,12361036913.8409,1142.16507086811
MKD,North Macedonia,Europe & Central Asia,Upper middle income,2021,1588.0,26397.46630859375,13214.0,1.997689292310712,8.321158690176322,0,0,0,81.873703,22144.2842571431,26.9448892231031,14000283827.0154,1546.44730811479
MKD,North Macedonia,Europe & Central Asia,Upper middle income,2022,1827.0,36203.39501953125,15052.0,2.4052215665380845,8.23864258347017,0,0,0,83.85030365,24212.2818885331,28.0035734605346,13932436550.0883,1735.53484390559
MLT,Malta,"Middle East, North Africa, Afghanistan & Pakistan",High income,2010,696.0,410.799987792969,1617.0,0.254050703644384,2.3232758620689653,1,1,0,63.0,28909.1940252237,29.7855677615811,9097044159.26912,1654.97408976425
MLT,Malta,"Middle East, North Africa, Afghanistan & Pakistan",High income,2011,713.0,410.799987792969,2047.0,0.2006839217356956,2.870967741935484,0,0,0,68.0198237885462,29425.9062422677,30.3037011219232,9789361703.07204,2039.55144282049
MLT,Malta,"Middle East, North Africa, Afghanistan & Pakistan",High income,2012,698.0,490.2666625976563,2410.0,0.203430150455459,3.4527220630372493,1,1,0,68.1998742928975,30716.282743184,31.8224330830663,9609532089.16031,2597.44588456008
MLT,Malta,"Middle East, North Africa, Afghanistan & Pakistan",High income,2013,621.0,569.7333374023436,2634.0,0.2162996725141775,4.241545893719807,1,1,0,68.9138,33138.0373455038,33.3783014199957,10796782636.1081,2608.2248534639
MLT,Malta,"Middle East, North Africa, Afghanistan & Pakistan",High income,2014,690.0,649.200012207031,3280.0,0.1979268329899484,4.753623188405797,0,0,0,73.1141157845193,35205.7012669646,34.8819867199098,11888032873.8295,2874.40510656753
MLT,Malta,"Middle East, North Africa, Afghanistan & Pakistan",High income,2015,728.0,929.899993896485,3943.0,0.2358356565803918,5.416208791208791,0,0,0,75.9600189752747,38368.7020383117,36.6768468766082,11340795042.0881,3534.28481383098
MLT,Malta,"Middle East, North Africa, Afghanistan & Pakistan",High income,2016,912.0,1074.59997558594,4617.0,0.2327485327238336,5.0625,0,0,0,78.0751488032182,40999.9620259653,37.6179796999137,12025782834.1534,3240.88843907108
MLT,Malta,"Middle East, North Africa, Afghanistan & Pakistan",High income,2017,988.0,1474.90002441406,5260.0,0.2803992441851825,5.323886639676114,0,0,0,81.0119110762945,45763.7330585065,38.7512769768028,14161366724.1955,14129.555175913
MLT,Malta,"Middle East, North Africa, Afghanistan & Pakistan",High income,2018,1041.0,1919.299972534182,5884.0,0.3261896622253878,5.65225744476465,0,0,0,81.6580442928014,48178.2920560941,39.5892751744889,16153779510.9928,14436.777618655
MLT,Malta,"Middle East, North Africa, Afghanistan & Pakistan",High income,2019,1139.0,1612.699981689456,6708.0,0.2404144278010518,5.88937664618086,0,0,0,85.7785963798031,51392.8152819605,40.1799549616579,16337793530.7322,10843.1630919684
MLT,Malta,"Middle East, North Africa, Afghanistan & Pakistan",High income,2020,1198.0,2022.899993896484,7078.0,0.2858010728873246,5.908180300500835,0,0,0,86.85876183,49971.8784010216,41.1094408219109,16404663226.4598,14442.5692059982
MLT,Malta,"Middle East, North Africa, Afghanistan & Pakistan",High income,2021,1647.0,2621.740081787114,7034.0,0.37272392405276,4.270795385549484,0,0,0,87.46977742,56852.3218512267,42.1830899964911,19739875611.4902,6185.4675287079
MLT,Malta,"Middle East, North Africa, Afghanistan & Pakistan",High income,2022,1769.0,3113.319969177251,8071.0,0.3857415399798353,4.562464669304692,0,0,0,91.54062209,60588.8890591794,43.4449972737186,18928276162.4131,5102.49231331186
NLD,Netherlands,Europe & Central Asia,High income,2010,39035.0,24303.39965820313,139818.0,0.1738216800283449,3.5818624311515306,0,0,0,90.72,45301.269581608,37.7372328275169,852464982433.335,2084.81363728119
NLD,Netherlands,Europe & Central Asia,High income,2011,42499.0,25414.79956054688,143350.0,0.1772919397317536,3.373020541659804,0,0,0,91.4199957622284,47004.1370739062,38.5614208058284,913140741332.687,3200.84844768555
NLD,Netherlands,Europe & Central Asia,High income,2012,47144.0,25240.80078125,145311.0,0.1737019274607565,3.0822798235194298,0,0,0,92.859992359525,47653.3401651371,39.3374146344405,845689017065.625,4852.83105983768
NLD,Netherlands,Europe & Central Asia,High income,2013,61471.0,25500.49926757813,147198.0,0.1732394412123679,2.3945925721071726,0,0,0,93.9564,49622.0519614799,40.030499091092,883951539006.669,5668.32607017006
NLD,Netherlands,Europe & Central Asia,High income,2014,63869.0,29434.49926757813,156375.0,0.1882302111435851,2.4483708841535017,0,0,0,91.6666666666667,49751.3092860822,40.2287973950107,901556501756.467,7204.7401341286
NLD,Netherlands,Europe & Central Asia,High income,2015,67183.0,32759.30078125,161810.0,0.2024553536941474,2.408496196954587,0,0,0,91.7241379310345,50956.6930942185,41.0879703576802,775743675302.734,9728.85177813382
NLD,Netherlands,Europe & Central Asia,High income,2016,70387.0,36172.80004882813,171380.0,0.2110678028289656,2.434824612499467,0,0,0,90.4109589041096,53162.2791598028,41.9813942626003,797163949289.885,24130.7940652181
NLD,Netherlands,Europe & Central Asia,High income,2017,71901.0,43198.5,183193.0,0.2358086826461709,2.547850516682661,0,0,0,93.1972789115646,56037.567993606,42.0988982620643,848233537845.884,70412.1276055238
NLD,Netherlands,Europe & Central Asia,High income,2018,76221.0,46729.49853515625,196386.0,0.2379471985536456,2.5765340260558114,0,0,0,91.8918918918919,58819.2609142584,42.5152457224727,929733599796.862,100581.523830836
NLD,Netherlands,Europe & Central Asia,High income,2019,80225.0,51590.1005859375,207427.0,0.248714490331237,2.585565596759115,0,0,0,93.2885906040269,62345.2538465433,42.5292659897442,928903005576.469,130279.470464876
NLD,Netherlands,Europe & Central Asia,High income,2020,83715.0,51701.19921875,217578.0,0.2376214471074741,2.5990324314638955,0,0,0,91.33333333,62596.6302027524,42.6667277513049,932560861701.17,136862.999168649
NLD,Netherlands,Europe & Central Asia,High income,2021,84310.0,55496.759765625,228869.0,0.242482641885205,2.714612738702408,0,0,0,92.05298013,68573.5648786446,42.9460563127039,1054472123449.6,164133.506993994
NLD,Netherlands,Europe & Central Asia,High income,2022,90205.0,66288.5908203125,246655.0,0.2687502415126898,2.7343827947453025,0,0,0,92.51968504,78630.3599072098,43.5643185557355,1046540797548.64,181183.789690312
NOR,Norway,Europe & Central Asia,High income,2010,8583.0,62539.99755859375,36168.0,1.7291527747896966,4.213911219853198,0,0,0,93.39,58213.1333665855,35.2484740738801,431052143940.438,1557.29342647914
NOR,Norway,Europe & Central Asia,High income,2011,8643.0,76293.482421875,39508.0,1.9310894609161435,4.571097998380192,0,0,0,93.4899826515194,62460.0908157002,36.0526456056247,501360549669.404,2333.89756047137
NOR,Norway,Europe & Central Asia,High income,2012,8963.0,80238.4716796875,41172.0,1.948860188470016,4.593551266317081,0,0,0,94.6499780533304,65774.3520746224,37.0178249972402,512777309840.997,3000.05599201207
NOR,Norway,Europe & Central Asia,High income,2013,9292.0,87082.9599609375,42403.0,2.0536980864782564,4.563387860525183,0,0,0,95.0534,67377.9262258772,37.6116803448105,526014468085.106,3211.2619381399
NOR,Norway,Europe & Central Asia,High income,2014,9460.0,92167.4111328125,44809.0,2.056895068687373,4.7366807610993655,0,0,0,96.3005098242892,66332.4614374198,38.4850493294753,501736471832.848,3571.3785166798
NOR,Norway,Europe & Central Asia,High income,2015,10065.0,97676.837890625,46778.0,2.088093503155864,4.647590660705415,0,0,0,96.810325691365,60737.8868132779,39.5096431037131,388159512245.53,4093.96973021853
NOR,Norway,Europe & Central Asia,High income,2016,10153.0,100941.4375,47264.0,2.135693921377793,4.655175810105388,0,0,0,97.2982036675068,59280.1992028829,40.2402948978253,370956547619.048,7003.5088228737
NOR,Norway,Europe & Central Asia,High income,2017,10258.0,100766.109375,48427.0,2.080783640840853,4.720900760382141,0,0,0,96.3576012951191,64589.5559196863,41.0328263217001,401745275035.261,14572.5727349493
NOR,Norway,Europe & Central Asia,High income,2018,10310.0,111534.4677734375,51787.0,2.153715561307616,5.022987390882638,0,0,0,96.4916579887094,70253.8463693386,41.5279365452303,439788625883.8,20886.248954238
NOR,Norway,Europe & Central Asia,High income,2019,11364.0,126996.4345703125,56164.0,2.2611714723009846,4.942273847236889,0,0,0,98.0000043853142,70939.605518036,42.2722351352817,408742840909.091,36180.9578944692
NOR,Norway,Europe & Central Asia,High income,2020,11881.0,138483.896484375,58699.0,2.359220710478458,4.940577392475381,0,0,0,94.60755647,67110.6045705502,44.3863056613216,367633418886.627,39030.0168696759
NOR,Norway,Europe & Central Asia,High income,2021,12669.0,158935.005859375,62632.0,2.5376006811114924,4.943720893519615,0,0,0,99.0000036,88984.1386736515,44.9392216218255,503367986030.268,43861.1250813561
NOR,Norway,Europe & Central Asia,High income,2022,13341.0,185139.546875,68008.0,2.722320122265028,5.097668840416761,0,0,0,98.99997764,125489.548935602,45.6644653158508,596297651035.798,44150.8874541494
POL,Poland,Europe & Central Asia,High income,2010,37527.0,27094.453125,76697.0,0.3532661398099013,2.043781810429824,0,0,0,62.32,20990.9122325468,15.378511671936,478111630683.514,155.009645190624
POL,Poland,Europe & Central Asia,High income,2011,41713.0,33130.03857421875,87593.0,0.3782270109965265,2.0998969146309303,0,0,0,61.94999896898,22808.5055268899,18.2475205937044,527848543023.469,227.384652205914
POL,Poland,Europe & Central Asia,High income,2012,46799.0,38269.4990234375,98278.0,0.3894004662634313,2.100002136797795,0,0,0,62.3099972714691,23728.1456821435,18.0079998184474,498148649702.66,399.283674893658
POL,Poland,Europe & Central Asia,High income,2013,52321.0,43935.23779296875,105151.0,0.4178299568522292,2.0097284073316644,0,0,0,62.8492,24433.8914344877,18.3773931656078,518179836405.36,517.741811845554
POL,Poland,Europe & Central Asia,High income,2014,58935.0,44738.537109375,116794.0,0.3830550979448858,1.9817425977772123,0,0,0,66.5987360557248,25459.7392273761,18.904567196757,542134167178.627,681.131761020643
POL,Poland,Europe & Central Asia,High income,2015,62869.0,56271.9619140625,137752.0,0.4085019594202806,2.191095770570552,0,0,0,67.9969871556415,26988.1069013509,18.9867934497166,480054118583.367,955.841788900726
POL,Poland,Europe & Central Asia,High income,2016,72650.0,58971.70703125,153334.0,0.3845964171759036,2.110584996558844,0,0,0,73.3007040962669,28359.6927346266,19.1513139299534,473259583969.643,2492.48836327396
POL,Poland,Europe & Central Asia,High income,2017,84419.0,67549.22265625,165879.0,0.407219856981595,1.9649486490008172,0,0,0,75.9853659493832,30170.2818974087,19.9531726069815,528356676667.211,6534.93448528243
POL,Poland,Europe & Central Asia,High income,2018,97319.0,80345.044921875,177835.0,0.4517954560231394,1.827341012546368,0,0,0,77.5417345350006,32345.1066076225,20.5313862679212,594616687350.017,16227.0719359574
POL,Poland,Europe & Central Asia,High income,2019,108301.0,90241.4375,192173.0,0.4695843718940746,1.774434215750547,0,0,0,80.4359068768673,35882.3655065553,20.5043205670712,602683770144.88,20606.063798754
POL,Poland,Europe & Central Asia,High income,2020,116879.0,102714.603515625,196988.0,0.5214256884461236,1.685401141351312,0,0,0,83.18488715,37089.3004256812,21.9255858346119,605914237903.742,25438.6771123423
POL,Poland,Europe & Central Asia,High income,2021,137939.0,127063.853515625,221049.0,0.5748221141720841,1.6025127048912926,0,0,0,85.37490906,41059.5847829682,22.8165643900514,689170230665.35,31394.3768568545
POL,Poland,Europe & Central Asia,High income,2022,166695.0,170525.345703125,247572.0,0.6887909202297715,1.485179519481688,0,0,0,86.94113479,46777.5524519162,23.8373449056172,695607470875.276,34772.62853538
PRT,Portugal,Europe & Central Asia,High income,2010,9260.0,3610.89990234375,37769.0,0.0956048585438785,4.078725701943845,0,0,0,53.3,27292.0819531528,20.1035764454099,238443864993.217,162.393243230462
PRT,Portugal,Europe & Central Asia,High income,2011,9384.0,3600.10009765625,40826.0,0.0881815533644307,4.350596760443308,0,0,0,55.2499968797194,26803.2336904645,21.2468026111835,245426767676.002,213.685737992491
PRT,Portugal,Europe & Central Asia,High income,2012,9373.0,3498.599945068364,41921.0,0.0834569772922488,4.472527472527473,0,0,0,60.3399974868057,26476.2182777269,22.7408340982484,216536676771.973,358.255433937013
PRT,Portugal,Europe & Central Asia,High income,2013,9582.0,3591.600006103516,43747.0,0.0820993440945325,4.565539553329159,0,0,0,62.0956,27966.0874254705,24.5102597000009,226677408291.745,422.671446105326
PRT,Portugal,Europe & Central Asia,High income,2014,9875.0,3604.399963378911,45582.0,0.0790750726905118,4.615898734177216,0,0,0,64.5924200648949,28764.5254955042,27.4622463014594,230078616299.675,535.522238017618
PRT,Portugal,Europe & Central Asia,High income,2015,10437.0,3743.999908447266,48403.0,0.0773505755520787,4.637635335824471,0,0,0,68.6328614804299,29608.0071513956,30.2999720257926,199038523119.639,901.325690215055
PRT,Portugal,Europe & Central Asia,High income,2016,11039.0,3973.599945068364,52069.0,0.0763141205912993,4.716822175921732,0,0,0,70.423567088723,31589.2695609552,32.6259001706105,206305431241.638,3180.29661074401
PRT,Portugal,Europe & Central Asia,High income,2017,12085.0,4442.700103759766,58537.0,0.0758955891788059,4.843773272652048,0,0,0,73.7912139515729,32970.8395386562,34.6016066063915,220862990767.229,12464.7825791482
PRT,Portugal,Europe & Central Asia,High income,2018,13135.0,5054.39990234375,66865.0,0.075591114968126,5.090597639893415,0,0,0,74.6609681487507,34896.7993382974,36.6542819407724,242092894542.888,15977.3282734765
PRT,Portugal,Europe & Central Asia,High income,2019,14652.0,5954.5,77288.0,0.0770430079701894,5.2749112749112745,0,0,0,75.3463779408712,37865.5603564295,38.3605751907072,240115970063.019,19150.5894803584
PRT,Portugal,Europe & Central Asia,High income,2020,14878.0,6734.200073242188,84952.0,0.0792706478157334,5.709907245597527,0,0,0,78.26166044,35966.712796561,40.1215406866329,229618773422.577,22178.9068183498
PRT,Portugal,Europe & Central Asia,High income,2021,17526.0,8128.960083007812,96869.0,0.0839170434608369,5.527159648522195,0,0,0,82.30902804,38657.6677223425,41.5145728650954,256055879091.139,24123.9217277333
PRT,Portugal,Europe & Central Asia,High income,2022,21617.0,10254.480407714844,110009.0,0.0932149224855679,5.089004024610261,0,0,0,84.49690644,45250.0148759865,42.937003513367,256898677175.024,27622.7553426515
ROU,Romania,Europe & Central Asia,High income,2010,9591.0,8908.382202148438,46488.0,0.191627564148779,4.847044103847357,0,0,0,39.93,17354.6748476713,14.6853744418104,170064350671.827,39.0183747404722
ROU,Romania,Europe & Central Asia,High income,2011,9185.0,9454.888671875,51321.0,0.1842304061081233,5.587479586281981,0,0,0,40.0099967810008,18803.8678810861,16.1874973837653,192623977894.173,60.9007715487478
ROU,Romania,Europe & Central Asia,High income,2012,10157.0,11347.134765625,57229.0,0.198275957392668,5.634439302943783,0,0,0,45.8799942529424,19807.5984490026,17.567519569459,179117323107.087,131.368800582909
ROU,Romania,Europe & Central Asia,High income,2013,10813.0,12769.58508300781,63474.0,0.2011782002553456,5.870156293350597,0,0,0,49.7645,19678.1108930755,18.8919150905294,189798603751.235,175.893414695672
ROU,Romania,Europe & Central Asia,High income,2014,11853.0,15382.31079101563,71046.0,0.2165119892888499,5.993925588458618,0,0,0,54.0783206550943,20632.9924390362,20.1139523323465,199722319675.741,246.72284801747
ROU,Romania,Europe & Central Asia,High income,2015,12994.0,18255.92553710938,84225.0,0.2167518615269739,6.481837771279052,0,0,0,55.7631556336233,21624.5618152909,21.4489855804576,177885131240.315,361.230253957283
ROU,Romania,Europe & Central Asia,High income,2016,14325.0,20236.88452148438,93810.0,0.2157220394572474,6.548691099476439,0,0,0,59.5039512852713,23905.1743665679,22.4982986593906,185290759248.844,3421.48444135896
ROU,Romania,Europe & Central Asia,High income,2017,15895.0,22457.02197265625,105667.0,0.2125263513931146,6.647813777917584,0,0,0,63.7472821822484,26943.3085419885,24.148941859633,210147385855.419,12254.4025986391
ROU,Romania,Europe & Central Asia,High income,2018,17366.0,26359.79052734375,115337.0,0.228545831149967,6.641540942070713,0,0,0,70.6812779273268,29382.7567479407,25.9702175828069,241791427223.903,15938.0958274045
ROU,Romania,Europe & Central Asia,High income,2019,18646.0,31882.24487304688,121080.0,0.2633155341348437,6.493617934141371,0,0,0,73.6574757545465,33425.326172666,27.060557570268,250080428511.595,19164.605923048
ROU,Romania,Europe & Central Asia,High income,2020,20812.0,36326.92578125,131407.0,0.2764458954336527,6.314001537574477,0,0,0,78.45526895,34193.8374521868,29.314080636148,250625048303.578,21374.339808723
ROU,Romania,Europe & Central Asia,High income,2021,41148.0,44811.142578125,143643.0,0.3119618956588556,3.4908865558471858,0,0,0,83.5904265,37534.1559176911,31.6949603653045,285071280114.469,23316.8405138798
ROU,Romania,Europe & Central Asia,High income,2022,47918.0,58687.30126953125,165892.0,0.3537681218475348,3.461997579197796,0,0,0,85.50309124,41979.2586767087,33.2115600895132,295319437556.988,24738.0607671931
SVK,Slovak Republic,Europe & Central Asia,High income,2010,7318.0,1620.09997558594,19118.0,0.0847421265606203,2.612462421426619,0,0,0,75.71,25381.7112298749,16.2644145767381,91112160800.7668,136.883957274399
SVK,Slovak Republic,Europe & Central Asia,High income,2011,9378.0,2311.899963378909,24681.0,0.0936712436035375,2.6317978246960974,0,0,0,74.4399971746757,26201.6502820886,17.6561458836789,99705104723.4341,198.948426047499
SVK,Slovak Republic,Europe & Central Asia,High income,2012,9597.0,2559.39990234375,25258.0,0.1013302677307684,2.6318641242054808,0,0,0,76.7099901181121,27022.7747321382,19.3434773928924,94724394278.052,357.646185104277
SVK,Slovak Republic,Europe & Central Asia,High income,2013,10111.0,2642.799926757813,24815.0,0.106500097793988,2.454257739096034,0,0,0,77.8826,28075.4326236719,20.4985858774048,99134277850.3418,493.775345702778
SVK,Slovak Republic,Europe & Central Asia,High income,2014,12640.0,2814.200073242193,26066.0,0.1079644008763213,2.0621835443037977,0,0,0,79.9843017656729,29108.072180194,21.9975144176702,101713075598.862,657.728522367845
SVK,Slovak Republic,Europe & Central Asia,High income,2015,14178.0,3405.499938964849,29524.0,0.1153468344047164,2.082381153900409,0,0,0,77.6346820339875,30147.9903672541,23.5008610259474,89178548717.3324,1068.43890474595
SVK,Slovak Republic,Europe & Central Asia,High income,2016,14604.0,3585.89990234375,32475.0,0.1104203203185142,2.223705834018077,0,0,0,80.475857275668,29867.9803390081,24.626445872585,90347173228.6356,3240.77603328277
SVK,Slovak Republic,Europe & Central Asia,High income,2017,16485.0,3858.9000854492183,34646.0,0.111380825649403,2.101668183196846,0,0,0,81.6256675172655,30245.7825869756,25.8590797873319,95978130734.9766,6963.66692944886
SVK,Slovak Republic,Europe & Central Asia,High income,2018,18429.0,4148.60009765625,36988.0,0.1121607034080309,2.0070540995170654,0,0,0,80.4489224826099,31509.8187291635,27.6953839189658,106611673364.837,12993.3863567974
SVK,Slovak Republic,Europe & Central Asia,High income,2019,20308.0,4851.200073242188,38010.0,0.1276295730924016,1.871676186724444,0,0,0,82.8536605021784,33985.6758419661,29.181106904051,105843498304.094,20091.3176707558
SVK,Slovak Republic,Europe & Central Asia,High income,2020,21509.0,4747.900024414063,39637.0,0.1197845453594889,1.842809986517272,0,0,0,89.92090413,35327.9439165588,31.192548373756,107732602896.441,25918.3886941279
SVK,Slovak Republic,Europe & Central Asia,High income,2021,22982.0,5285.059997558594,41085.0,0.1286372154693585,1.7877034200678792,0,0,0,88.92560523,38346.0935768177,32.6060735005904,120511265913.343,31322.794798914
SVK,Slovak Republic,Europe & Central Asia,High income,2022,25541.0,6010.209899902344,43037.0,0.1396521574436495,1.6850162483849498,0,0,0,89.06766196,41562.1497793913,33.9988127597088,115792972358.209,36900.6169648393
SVN,Slovenia,Europe & Central Asia,High income,2010,4127.0,1041.79997253418,9602.0,0.1084982266750864,2.326629512963412,0,0,0,70.0,27579.428605763,23.0130215414954,47793117240.9001,333.889327403381
SVN,Slovenia,Europe & Central Asia,High income,2011,4419.0,1054.199989318848,9598.0,0.1098353812584755,2.1719846119031456,0,0,0,67.3399948092396,28715.6339954963,24.1297849867532,51199194599.3094,499.307545681769
SVN,Slovenia,Europe & Central Asia,High income,2012,4632.0,1021.1000213623053,9758.0,0.1046423469319845,2.106649395509499,0,0,0,68.3499745287825,28786.7105517686,24.8054736692412,46167053954.3367,967.353520073072
SVN,Slovenia,Europe & Central Asia,High income,2013,5079.0,1133.999969482421,10278.0,0.1103327465929578,2.023626698168931,0,0,0,72.6756,29634.0657611471,25.5111136181393,47867056858.8892,1215.56171427212
SVN,Slovenia,Europe & Central Asia,High income,2014,5580.0,1114.099998474121,10246.0,0.1087351159939606,1.836200716845878,0,0,0,71.5862515855601,30571.9753019832,27.0022702087688,49514466379.6057,1558.2110398743
SVN,Slovenia,Europe & Central Asia,High income,2015,6133.0,1253.499977111819,10800.0,0.1160648126955387,1.7609652698516225,0,0,0,73.0986599745829,31336.2043858881,27.6233320566015,42709468274.8137,2188.96638819577
SVN,Slovenia,Europe & Central Asia,High income,2016,6575.0,1223.30004882813,11330.0,0.1079699954835066,1.7231939163498098,0,0,0,75.4985042610791,33575.1775435757,28.5889065200718,44290685824.0682,5630.87820974101
SVN,Slovenia,Europe & Central Asia,High income,2017,7010.0,1489.000030517576,11993.0,0.1241557600698387,1.7108416547788874,0,0,0,78.8854263554775,36180.0384547624,29.180424842781,48153200134.6613,19594.093655209
SVN,Slovenia,Europe & Central Asia,High income,2018,7391.0,1627.90002441406,12854.0,0.1266454041087646,1.7391421999729402,0,0,0,79.7499765956562,38620.2045436305,29.6086313428343,53689067639.9176,33018.0809626721
SVN,Slovenia,Europe & Central Asia,High income,2019,7616.0,1853.200042724614,13945.0,0.1328935132825108,1.831013655462185,0,0,0,83.1083578026717,42373.2506369279,30.1395433223627,53909922735.545,42529.9932723133
SVN,Slovenia,Europe & Central Asia,High income,2020,7932.0,1937.899978637698,14768.0,0.1312229129630077,1.8618255168935955,0,0,0,86.60130109,41767.2579899957,30.9930132861242,53384760135.1581,49112.4747255423
SVN,Slovenia,Europe & Central Asia,High income,2021,8430.0,2198.430007934573,15465.0,0.1421551896498269,1.834519572953737,0,0,0,89.00399524,45914.0572392406,31.5502669986288,61540813361.8556,55445.2655711669
SVN,Slovenia,Europe & Central Asia,High income,2022,9071.0,2523.390014648443,16603.0,0.1519839796812891,1.8303384411861976,0,0,0,88.91248552,52347.109726538,32.0104972135392,59899117741.0022,61863.7776292141
SWE,Sweden,Europe & Central Asia,High income,2010,34733.0,156010.203125,94159.0,1.6568804163701822,2.7109377249301816,0,0,1,90.0,41951.4533673936,31.9840349438999,492750897239.447,1201.19947204804
SWE,Sweden,Europe & Central Asia,High income,2011,36537.0,175595.3115234375,99196.0,1.7701854058977933,2.714946492596546,0,0,1,92.7699860554046,44332.5217389078,32.0391154481002,570538581144.45,1711.67694071453
SWE,Sweden,Europe & Central Asia,High income,2012,36597.0,176777.66015625,100948.0,1.751175458218588,2.7583681722545563,0,0,1,93.1799880065108,45206.9864434727,32.2829791143157,549739674655.127,2392.48925402027
SWE,Sweden,Europe & Central Asia,High income,2013,36120.0,183590.015625,100891.0,1.8196867473312783,2.793217054263566,0,0,1,94.7836,46098.2321368832,32.7855388506159,584125353119.18,2690.51878056064
SWE,Sweden,Europe & Central Asia,High income,2014,37380.0,201501.75,104199.0,1.9338165433449457,2.787560192616372,0,0,1,92.5236065037579,46841.4019746739,33.841393015349,577727767303.596,3148.78853478354
SWE,Sweden,Europe & Central Asia,High income,2015,38275.0,337247.9453125,128462.0,2.625273974502188,3.3562900065316787,0,0,1,90.6101966398616,48772.0696057277,35.6778078349251,501602351911.6,4207.90053377903
SWE,Sweden,Europe & Central Asia,High income,2016,39373.0,338919.375,129712.0,2.612860606574565,3.2944403525258426,0,0,1,89.6509476102355,50289.7687144136,37.0821744423215,513058312950.939,6205.93293315536
SWE,Sweden,Europe & Central Asia,High income,2017,40361.0,344847.94921875,135652.0,2.542151602768481,3.3609672703847773,0,0,1,93.0062669652127,51474.1199115161,38.3266046004608,535172356784.769,13619.1203991212
SWE,Sweden,Europe & Central Asia,High income,2018,38615.0,399334.06640625,139663.0,2.859268857222385,3.6168069403081695,0,0,1,89.2469631588137,53122.438677218,38.7413375683818,549649344043.182,18608.4538369414
SWE,Sweden,Europe & Central Asia,High income,2019,39783.0,442964.3046875,147420.0,3.00477753824108,3.705602895709223,0,0,1,94.4934434072202,57046.4463076951,39.2905524546107,530894124494.418,25688.2870684346
SWE,Sweden,Europe & Central Asia,High income,2020,40775.0,479005.46875,142666.0,3.3575306572694266,3.498859595340282,0,0,1,94.53943122,57489.2657196219,40.3679810262741,544265668451.678,32739.7400787101
SWE,Sweden,Europe & Central Asia,High income,2021,42341.0,525106.1328125,153118.0,3.429421314362126,3.616305708415012,0,0,1,94.6703163,62731.700616293,40.8351431063991,631693331300.776,38601.5068821813
SWE,Sweden,Europe & Central Asia,High income,2022,41030.0,620225.359375,171312.0,3.6204431643726074,4.1752863758225685,0,0,1,95.00970335,67075.6762724717,40.6093424279832,575071237640.921,45805.4450768818
TUR,Turkiye,Europe & Central Asia,Upper middle income,2010,8649.0,7593.948486328125,57977.0,0.1309820874886269,6.703318302693953,0,0,0,39.82,17466.2641738935,9.67754012450092,782545664268.333,85.3816848424609
TUR,Turkiye,Europe & Central Asia,Upper middle income,2011,9687.0,9727.540405273438,63567.0,0.1530281499091264,6.562093527407866,0,0,0,43.065710430925,19717.2438317111,10.2288570173419,844192507380.795,117.065146464342
TUR,Turkiye,Europe & Central Asia,Upper middle income,2012,10429.0,11265.010559082031,66622.0,0.1690884476461533,6.388148432256209,0,0,0,45.13,20739.2725488506,10.4644431033188,885327622479.052,222.584847653222
TUR,Turkiye,Europe & Central Asia,Upper middle income,2013,11893.0,14467.04858398438,70691.0,0.2046519158589407,5.943916589590516,0,0,0,46.25,22475.2909778388,11.640102340966,962167643588.925,263.251812032901
TUR,Turkiye,Europe & Central Asia,Upper middle income,2014,13024.0,17275.52563476563,75953.0,0.2274502078228066,5.831772113022113,0,0,0,51.0373665521645,24192.537613837,11.3618631179594,942343431928.654,298.865469518728
TUR,Turkiye,Europe & Central Asia,Upper middle income,2015,14366.0,21747.06945800781,83774.0,0.2595921104162128,5.8314074899067245,0,0,0,53.7449791423583,25890.0548901058,11.8786301825878,865460050683.656,364.977692803257
TUR,Turkiye,Europe & Central Asia,Upper middle income,2016,15732.0,25424.44250488281,90402.0,0.2812376109475765,5.746376811594203,0,0,0,58.3477340145685,26730.7599731835,12.859061240418,870818016909.84,1310.01097127093
TUR,Turkiye,Europe & Central Asia,Upper middle income,2017,17135.0,33109.8134765625,98331.0,0.3367179574758977,5.738605194047271,0,0,0,64.6846176835371,28353.5406410966,14.3528880563786,863874522365.276,3384.80721940135
TUR,Turkiye,Europe & Central Asia,Upper middle income,2018,18843.0,42520.3291015625,103049.0,0.4126224330324651,5.468821312954413,0,0,0,71.0427608433809,28640.3401839802,15.8823338271459,788356985773.667,4383.72751384509
TUR,Turkiye,Europe & Central Asia,Upper middle income,2019,20917.0,54276.029296875,111888.0,0.4850924969333172,5.349141846345078,0,0,0,73.9767022871511,29016.4555653445,16.6733436685105,775853144222.613,5494.176274385
TUR,Turkiye,Europe & Central Asia,Upper middle income,2020,24136.0,72214.1240234375,122983.0,0.5871878554225991,5.095417633410673,0,0,0,77.6695605,29209.3308866883,19.4384064376386,733628247119.077,6837.08326277681
TUR,Turkiye,Europe & Central Asia,Upper middle income,2021,29848.0,118116.4033203125,148994.0,0.7927594622623226,4.991758241758242,0,0,0,81.40843745,32105.5474400506,20.9211211378579,839938668172.134,7755.87404936661
TUR,Turkiye,Europe & Central Asia,Upper middle income,2022,36160.0,235606.85546875,173793.0,1.3556751737339825,4.806222345132744,0,0,0,83.43716576,39564.1103267333,21.8230372591075,926097476913.818,9166.00138199718
